timestamp,glucose
2026-01-28T15:40:00Z,113
2026-01-28T15:45:00Z,116
2026-01-28T15:50:00Z,115
2026-01-28T15:55:00Z,115
2026-01-28T16:00:00Z,120
2026-01-28T16:05:00Z,120
2026-01-28T16:10:00Z,118
2026-01-28T16:15:00Z,119
2026-01-28T16:20:00Z,117
2026-01-28T16:25:00Z,114
2026-01-28T16:30:00Z,111
2026-01-28T16:35:00Z,107
2026-01-28T16:40:00Z,111
2026-01-28T16:45:00Z,112
2026-01-28T16:50:00Z,116
2026-01-28T16:55:00Z,117
2026-01-28T17:00:00Z,115
2026-01-28T17:05:00Z,113
2026-01-28T17:10:00Z,116
2026-01-28T17:15:00Z,116
2026-01-28T17:20:00Z,116
2026-01-28T17:25:00Z,118
2026-01-28T17:30:00Z,123
2026-01-28T17:35:00Z,130
2026-01-28T17:40:00Z,131
2026-01-28T17:45:00Z,132
2026-01-28T17:50:00Z,131
2026-01-28T17:55:00Z,131
2026-01-28T18:00:00Z,126
2026-01-28T18:05:00Z,118
2026-01-28T18:10:00Z,113
2026-01-28T18:15:00Z,108
2026-01-28T18:20:00Z,103
2026-01-28T18:25:00Z,103
2026-01-28T18:30:00Z,105
2026-01-28T18:35:00Z,108
2026-01-28T18:40:00Z,112
2026-01-28T18:45:00Z,116
2026-01-28T18:50:00Z,114
2026-01-28T18:55:00Z,114
2026-01-28T19:00:00Z,114
2026-01-28T19:05:00Z,108
2026-01-28T19:10:00Z,105
2026-01-28T19:15:00Z,103
2026-01-28T19:20:00Z,104
2026-01-28T19:25:00Z,106
2026-01-28T19:30:00Z,107
2026-01-28T19:35:00Z,108
2026-01-28T19:40:00Z,109
2026-01-28T19:45:00Z,110
2026-01-28T19:50:00Z,110
2026-01-28T19:55:00Z,108
2026-01-28T20:00:00Z,104
2026-01-28T20:05:00Z,105
2026-01-28T20:10:00Z,106
2026-01-28T20:15:00Z,107
2026-01-28T20:20:00Z,108
2026-01-28T20:25:00Z,109
2026-01-28T20:30:00Z,111
2026-01-28T20:35:00Z,111
2026-01-28T20:40:00Z,109
2026-01-28T20:45:00Z,109
2026-01-28T20:50:00Z,107
2026-01-28T20:55:00Z,106
2026-01-28T21:00:00Z,104
2026-01-28T21:05:00Z,103
2026-01-28T21:10:00Z,104
2026-01-28T21:15:00Z,105
2026-01-28T21:20:00Z,104
2026-01-28T21:25:00Z,104
2026-01-28T21:30:00Z,106
2026-01-28T21:35:00Z,105
2026-01-28T21:40:00Z,104
2026-01-28T21:45:00Z,104
2026-01-28T21:50:00Z,109
2026-01-28T21:55:00Z,109
2026-01-28T22:00:00Z,109
2026-01-28T22:05:00Z,108
2026-01-28T22:10:00Z,107
2026-01-28T22:15:00Z,108
2026-01-28T22:20:00Z,110
2026-01-28T22:25:00Z,110
2026-01-28T22:30:00Z,114
2026-01-28T22:35:00Z,115
2026-01-28T22:40:00Z,113
2026-01-28T22:45:00Z,112
2026-01-28T22:50:00Z,111
2026-01-28T22:55:00Z,108
2026-01-28T23:00:00Z,103
2026-01-28T23:05:00Z,101
2026-01-28T23:10:00Z,101
2026-01-28T23:15:00Z,103
2026-01-28T23:20:00Z,105
2026-01-28T23:25:00Z,102
2026-01-28T23:30:00Z,102
2026-01-28T23:35:00Z,104
2026-01-28T23:40:00Z,101
2026-01-28T23:45:00Z,99
2026-01-28T23:50:00Z,103
2026-01-28T23:55:00Z,106
2026-01-29T00:00:00Z,111
2026-01-29T00:05:00Z,120
2026-01-29T00:10:00Z,132
2026-01-29T00:15:00Z,148
2026-01-29T00:20:00Z,160
2026-01-29T00:25:00Z,165
2026-01-29T00:30:00Z,166
2026-01-29T00:35:00Z,152
2026-01-29T00:40:00Z,143
2026-01-29T00:45:00Z,136
2026-01-29T00:50:00Z,126
2026-01-29T00:55:00Z,118
2026-01-29T01:00:00Z,125
2026-01-29T01:05:00Z,140
2026-01-29T01:10:00Z,140
2026-01-29T01:15:00Z,140
2026-01-29T01:20:00Z,141
2026-01-29T01:25:00Z,144
2026-01-29T01:30:00Z,142
2026-01-29T01:35:00Z,139
2026-01-29T01:40:00Z,144
2026-01-29T01:45:00Z,147
2026-01-29T01:50:00Z,148
2026-01-29T01:55:00Z,146
2026-01-29T02:00:00Z,144
2026-01-29T02:05:00Z,141
2026-01-29T02:10:00Z,136
2026-01-29T02:15:00Z,129
2026-01-29T02:20:00Z,119
2026-01-29T02:25:00Z,110
2026-01-29T02:30:00Z,104
2026-01-29T02:35:00Z,99
2026-01-29T02:40:00Z,104
2026-01-29T02:45:00Z,107
2026-01-29T02:50:00Z,113
2026-01-29T02:55:00Z,132
2026-01-29T03:00:00Z,135
2026-01-29T03:05:00Z,136
2026-01-29T03:10:00Z,141
2026-01-29T03:15:00Z,136
2026-01-29T03:20:00Z,133
2026-01-29T03:25:00Z,128
2026-01-29T03:30:00Z,124
2026-01-29T03:35:00Z,126
2026-01-29T03:40:00Z,123
2026-01-29T03:45:00Z,120
2026-01-29T03:50:00Z,114
2026-01-29T03:55:00Z,109
2026-01-29T04:00:00Z,105
2026-01-29T04:05:00Z,98
2026-01-29T04:10:00Z,97
2026-01-29T04:15:00Z,95
2026-01-29T04:20:00Z,95
2026-01-29T04:25:00Z,99
2026-01-29T04:30:00Z,101
2026-01-29T04:35:00Z,103
2026-01-29T04:40:00Z,110
2026-01-29T04:45:00Z,112
2026-01-29T04:50:00Z,115
2026-01-29T04:55:00Z,116
2026-01-29T05:00:00Z,115
2026-01-29T05:05:00Z,110
2026-01-29T05:10:00Z,105
2026-01-29T05:15:00Z,104
2026-01-29T05:20:00Z,98
2026-01-29T05:25:00Z,97
2026-01-29T05:30:00Z,96
2026-01-29T05:35:00Z,98
2026-01-29T05:40:00Z,101
2026-01-29T05:45:00Z,103
2026-01-29T05:50:00Z,104
2026-01-29T05:55:00Z,105
2026-01-29T06:00:00Z,105
2026-01-29T06:05:00Z,103
2026-01-29T06:10:00Z,106
2026-01-29T06:15:00Z,103
2026-01-29T06:20:00Z,100
2026-01-29T06:25:00Z,102
2026-01-29T06:30:00Z,100
2026-01-29T06:35:00Z,99
2026-01-29T06:40:00Z,99
2026-01-29T06:45:00Z,97
2026-01-29T06:50:00Z,99
2026-01-29T06:55:00Z,98
2026-01-29T07:00:00Z,97
2026-01-29T07:05:00Z,100
2026-01-29T07:10:00Z,98
2026-01-29T07:15:00Z,101
2026-01-29T07:20:00Z,107
2026-01-29T07:25:00Z,106
2026-01-29T07:30:00Z,106
2026-01-29T07:35:00Z,101
2026-01-29T07:40:00Z,97
2026-01-29T07:45:00Z,97
2026-01-29T07:50:00Z,98
2026-01-29T07:55:00Z,99
2026-01-29T08:00:00Z,97
2026-01-29T08:05:00Z,95
2026-01-29T08:10:00Z,96
2026-01-29T08:15:00Z,97
2026-01-29T08:20:00Z,97
2026-01-29T08:25:00Z,96
2026-01-29T08:30:00Z,99
2026-01-29T08:35:00Z,101
2026-01-29T08:40:00Z,96
2026-01-29T08:45:00Z,100
2026-01-29T08:50:00Z,101
2026-01-29T08:55:00Z,88
2026-01-29T09:00:00Z,98
2026-01-29T09:05:00Z,101
2026-01-29T09:10:00Z,100
2026-01-29T09:15:00Z,100
2026-01-29T09:20:00Z,101
2026-01-29T09:25:00Z,106
2026-01-29T09:30:00Z,105
2026-01-29T09:35:00Z,109
2026-01-29T09:40:00Z,114
2026-01-29T09:45:00Z,120
2026-01-29T09:50:00Z,123
2026-01-29T09:55:00Z,120
2026-01-29T10:00:00Z,110
2026-01-29T10:05:00Z,96
2026-01-29T10:10:00Z,84
2026-01-29T10:15:00Z,77
2026-01-29T10:20:00Z,75
2026-01-29T10:25:00Z,76
2026-01-29T10:30:00Z,83
2026-01-29T10:35:00Z,89
2026-01-29T10:40:00Z,96
2026-01-29T10:45:00Z,102
2026-01-29T10:50:00Z,104
2026-01-29T10:55:00Z,107
2026-01-29T11:00:00Z,110
2026-01-29T11:05:00Z,111
2026-01-29T11:10:00Z,110
2026-01-29T11:15:00Z,109
2026-01-29T11:20:00Z,108
2026-01-29T11:25:00Z,106
2026-01-29T11:30:00Z,105
2026-01-29T11:35:00Z,104
2026-01-29T11:40:00Z,105
2026-01-29T11:45:00Z,102
2026-01-29T11:50:00Z,103
2026-01-29T11:55:00Z,102
2026-01-29T12:00:00Z,103
2026-01-29T12:05:00Z,107
2026-01-29T12:10:00Z,109
2026-01-29T12:15:00Z,114
2026-01-29T12:20:00Z,118
2026-01-29T12:25:00Z,124
2026-01-29T12:30:00Z,123
2026-01-29T12:35:00Z,116
2026-01-29T12:40:00Z,109
2026-01-29T12:45:00Z,106
2026-01-29T12:50:00Z,109
2026-01-29T12:55:00Z,117
2026-01-29T13:00:00Z,125
2026-01-29T13:05:00Z,136
2026-01-29T13:10:00Z,149
2026-01-29T13:15:00Z,154
2026-01-29T13:20:00Z,150
2026-01-29T13:25:00Z,147
2026-01-29T13:30:00Z,144
2026-01-29T13:35:00Z,138
2026-01-29T13:40:00Z,134
2026-01-29T13:45:00Z,135
2026-01-29T13:50:00Z,135
2026-01-29T13:55:00Z,132
2026-01-29T14:00:00Z,131
2026-01-29T14:05:00Z,131
2026-01-29T14:10:00Z,129
2026-01-29T14:15:00Z,124
2026-01-29T14:20:00Z,124
2026-01-29T14:25:00Z,123
2026-01-29T14:30:00Z,123
2026-01-29T14:35:00Z,122
2026-01-29T14:40:00Z,122
2026-01-29T14:45:00Z,122
2026-01-29T14:50:00Z,121
2026-01-29T14:55:00Z,120
2026-01-29T15:00:00Z,120
2026-01-29T15:05:00Z,118
2026-01-29T15:10:00Z,119
2026-01-29T15:15:00Z,116
2026-01-29T15:20:00Z,116
2026-01-29T15:25:00Z,114
2026-01-29T15:30:00Z,107
2026-01-29T15:35:00Z,102
2026-01-29T15:40:00Z,103
2026-01-29T15:45:00Z,105
2026-01-29T15:50:00Z,108
2026-01-29T15:55:00Z,114
2026-01-29T16:00:00Z,119
2026-01-29T16:05:00Z,126
2026-01-29T16:10:00Z,130
2026-01-29T16:15:00Z,131
2026-01-29T16:20:00Z,131
2026-01-29T16:25:00Z,127
2026-01-29T16:30:00Z,122
2026-01-29T16:35:00Z,117
2026-01-29T16:40:00Z,108
2026-01-29T16:45:00Z,102
2026-01-29T16:50:00Z,99
2026-01-29T16:55:00Z,102
2026-01-29T17:00:00Z,107
2026-01-29T17:05:00Z,118
2026-01-29T17:10:00Z,125
2026-01-29T17:15:00Z,130
2026-01-29T17:20:00Z,131
2026-01-29T17:25:00Z,129
2026-01-29T17:30:00Z,124
2026-01-29T17:35:00Z,116
2026-01-29T17:40:00Z,111
2026-01-29T17:45:00Z,106
2026-01-29T17:50:00Z,107
2026-01-29T17:55:00Z,111
2026-01-29T18:00:00Z,113
2026-01-29T18:05:00Z,117
2026-01-29T18:10:00Z,127
2026-01-29T18:15:00Z,131
2026-01-29T18:20:00Z,136
2026-01-29T18:25:00Z,135
2026-01-29T18:30:00Z,131
2026-01-29T18:35:00Z,127
2026-01-29T18:40:00Z,121
2026-01-29T18:45:00Z,119
2026-01-29T18:50:00Z,113
2026-01-29T18:55:00Z,107
2026-01-29T19:00:00Z,103
2026-01-29T19:05:00Z,97
2026-01-29T19:10:00Z,92
2026-01-29T19:15:00Z,88
2026-01-29T19:20:00Z,87
2026-01-29T19:25:00Z,85
2026-01-29T19:30:00Z,83
2026-01-29T19:35:00Z,84
2026-01-29T19:40:00Z,90
2026-01-29T19:45:00Z,93
2026-01-29T19:50:00Z,99
2026-01-29T19:55:00Z,108
2026-01-29T20:00:00Z,115
2026-01-29T20:05:00Z,110
2026-01-29T20:10:00Z,112
2026-01-29T20:15:00Z,115
2026-01-29T20:20:00Z,116
2026-01-29T20:25:00Z,110
2026-01-29T20:30:00Z,104
2026-01-29T20:35:00Z,100
2026-01-29T20:40:00Z,95
2026-01-29T20:45:00Z,96
2026-01-29T20:50:00Z,98
2026-01-29T20:55:00Z,102
2026-01-29T21:00:00Z,105
2026-01-29T21:05:00Z,108
2026-01-29T21:10:00Z,110
2026-01-29T21:15:00Z,109
2026-01-29T21:20:00Z,108
2026-01-29T21:25:00Z,105
2026-01-29T21:30:00Z,103
2026-01-29T21:35:00Z,101
2026-01-29T21:40:00Z,99
2026-01-29T21:45:00Z,97
2026-01-29T21:50:00Z,97
2026-01-29T21:55:00Z,98
2026-01-29T22:00:00Z,99
2026-01-29T22:05:00Z,102
2026-01-29T22:10:00Z,105
2026-01-29T22:15:00Z,108
2026-01-29T22:20:00Z,109
2026-01-29T22:25:00Z,110
2026-01-29T22:30:00Z,108
2026-01-29T22:35:00Z,102
2026-01-29T22:40:00Z,97
2026-01-29T22:45:00Z,97
2026-01-29T22:50:00Z,96
2026-01-29T22:55:00Z,95
2026-01-29T23:00:00Z,95
2026-01-29T23:05:00Z,92
2026-01-29T23:10:00Z,92
2026-01-29T23:15:00Z,93
2026-01-29T23:20:00Z,94
2026-01-29T23:25:00Z,94
2026-01-29T23:30:00Z,92
2026-01-29T23:35:00Z,95
2026-01-29T23:40:00Z,97
2026-01-29T23:45:00Z,95
2026-01-29T23:50:00Z,92
2026-01-29T23:55:00Z,91
2026-01-30T00:00:00Z,92
2026-01-30T00:05:00Z,93
2026-01-30T00:10:00Z,91
2026-01-30T00:15:00Z,91
2026-01-30T00:20:00Z,94
2026-01-30T00:25:00Z,94
2026-01-30T00:30:00Z,93
2026-01-30T00:35:00Z,94
2026-01-30T00:40:00Z,93
2026-01-30T00:45:00Z,93
2026-01-30T00:50:00Z,92
2026-01-30T00:55:00Z,88
2026-01-30T01:00:00Z,91
2026-01-30T01:05:00Z,92
2026-01-30T01:10:00Z,91
2026-01-30T01:15:00Z,94
2026-01-30T01:20:00Z,95
2026-01-30T01:25:00Z,96
2026-01-30T01:30:00Z,97
2026-01-30T01:35:00Z,96
2026-01-30T01:40:00Z,95
2026-01-30T01:45:00Z,97
2026-01-30T01:50:00Z,95
2026-01-30T01:55:00Z,92
2026-01-30T02:00:00Z,92
2026-01-30T02:05:00Z,92
2026-01-30T02:10:00Z,92
2026-01-30T02:15:00Z,91
2026-01-30T02:20:00Z,91
2026-01-30T02:25:00Z,93
2026-01-30T02:30:00Z,91
2026-01-30T02:35:00Z,88
2026-01-30T02:40:00Z,92
2026-01-30T02:45:00Z,94
2026-01-30T02:50:00Z,94
2026-01-30T02:55:00Z,92
2026-01-30T03:00:00Z,88
2026-01-30T03:05:00Z,88
2026-01-30T03:10:00Z,89
2026-01-30T03:15:00Z,90
2026-01-30T03:20:00Z,92
2026-01-30T03:25:00Z,93
2026-01-30T03:30:00Z,95
2026-01-30T03:35:00Z,96
2026-01-30T03:40:00Z,96
2026-01-30T03:45:00Z,99
2026-01-30T03:50:00Z,100
2026-01-30T03:55:00Z,98
2026-01-30T04:00:00Z,97
2026-01-30T04:05:00Z,93
2026-01-30T04:10:00Z,89
2026-01-30T04:15:00Z,85
2026-01-30T04:20:00Z,77
2026-01-30T04:25:00Z,72
2026-01-30T04:30:00Z,70
2026-01-30T04:35:00Z,70
2026-01-30T04:40:00Z,70
2026-01-30T04:45:00Z,70
2026-01-30T04:50:00Z,72
2026-01-30T04:55:00Z,73
2026-01-30T05:00:00Z,77
2026-01-30T05:05:00Z,79
2026-01-30T05:10:00Z,79
2026-01-30T05:15:00Z,90
2026-01-30T05:20:00Z,99
2026-01-30T05:25:00Z,99
2026-01-30T05:30:00Z,99
2026-01-30T05:35:00Z,100
2026-01-30T05:40:00Z,99
2026-01-30T05:45:00Z,95
2026-01-30T05:50:00Z,95
2026-01-30T05:55:00Z,95
2026-01-30T06:00:00Z,96
2026-01-30T06:05:00Z,97
2026-01-30T06:10:00Z,96
2026-01-30T06:15:00Z,96
2026-01-30T06:20:00Z,97
2026-01-30T06:25:00Z,97
2026-01-30T06:30:00Z,98
2026-01-30T06:35:00Z,99
2026-01-30T06:40:00Z,100
2026-01-30T06:45:00Z,101
2026-01-30T06:50:00Z,99
2026-01-30T06:55:00Z,97
2026-01-30T07:00:00Z,96
2026-01-30T07:05:00Z,96
2026-01-30T07:10:00Z,98
2026-01-30T07:15:00Z,99
2026-01-30T07:20:00Z,101
2026-01-30T07:25:00Z,101
2026-01-30T07:30:00Z,97
2026-01-30T07:35:00Z,95
2026-01-30T07:40:00Z,94
2026-01-30T07:45:00Z,93
2026-01-30T07:50:00Z,92
2026-01-30T07:55:00Z,93
2026-01-30T08:00:00Z,93
2026-01-30T08:05:00Z,93
2026-01-30T08:10:00Z,93
2026-01-30T08:15:00Z,92
2026-01-30T08:20:00Z,92
2026-01-30T08:25:00Z,93
2026-01-30T08:30:00Z,93
2026-01-30T08:35:00Z,93
2026-01-30T08:40:00Z,92
2026-01-30T08:45:00Z,91
2026-01-30T08:50:00Z,91
2026-01-30T08:55:00Z,91
2026-01-30T09:00:00Z,93
2026-01-30T09:05:00Z,95
2026-01-30T09:10:00Z,96
2026-01-30T09:15:00Z,97
2026-01-30T09:20:00Z,96
2026-01-30T09:25:00Z,96
2026-01-30T09:30:00Z,97
2026-01-30T09:35:00Z,95
2026-01-30T09:40:00Z,95
2026-01-30T09:45:00Z,95
2026-01-30T09:50:00Z,95
2026-01-30T09:55:00Z,96
2026-01-30T10:00:00Z,96
2026-01-30T10:05:00Z,96
2026-01-30T10:10:00Z,95
2026-01-30T10:15:00Z,94
2026-01-30T10:20:00Z,92
2026-01-30T10:25:00Z,88
2026-01-30T10:30:00Z,86
2026-01-30T10:35:00Z,86
2026-01-30T10:40:00Z,85
2026-01-30T10:45:00Z,86
2026-01-30T10:50:00Z,86
2026-01-30T10:55:00Z,87
2026-01-30T11:00:00Z,94
2026-01-30T11:05:00Z,97
2026-01-30T11:10:00Z,101
2026-01-30T11:15:00Z,101
2026-01-30T11:20:00Z,95
2026-01-30T11:25:00Z,92
2026-01-30T11:30:00Z,92
2026-01-30T11:35:00Z,93
2026-01-30T11:40:00Z,96
2026-01-30T11:45:00Z,95
2026-01-30T11:50:00Z,101
2026-01-30T11:55:00Z,109
2026-01-30T12:00:00Z,116
2026-01-30T12:05:00Z,119
2026-01-30T12:10:00Z,118
2026-01-30T12:15:00Z,112
2026-01-30T12:20:00Z,102
2026-01-30T12:25:00Z,92
2026-01-30T12:30:00Z,85
2026-01-30T12:35:00Z,81
2026-01-30T12:40:00Z,80
2026-01-30T12:45:00Z,81
2026-01-30T12:50:00Z,85
2026-01-30T12:55:00Z,89
2026-01-30T13:00:00Z,90
2026-01-30T13:05:00Z,91
2026-01-30T13:10:00Z,93
2026-01-30T13:15:00Z,90
2026-01-30T13:20:00Z,88
2026-01-30T13:25:00Z,89
2026-01-30T13:30:00Z,89
2026-01-30T13:35:00Z,88
2026-01-30T13:40:00Z,88
2026-01-30T13:45:00Z,89
2026-01-30T13:50:00Z,90
2026-01-30T13:55:00Z,88
2026-01-30T14:00:00Z,88
2026-01-30T14:05:00Z,88
2026-01-30T14:10:00Z,86
2026-01-30T14:15:00Z,86
2026-01-30T14:20:00Z,87
2026-01-30T14:25:00Z,87
2026-01-30T14:30:00Z,86
2026-01-30T14:35:00Z,86
2026-01-30T14:40:00Z,85
2026-01-30T14:45:00Z,84
2026-01-30T14:50:00Z,83
2026-01-30T14:55:00Z,82
2026-01-30T15:00:00Z,82
2026-01-30T15:05:00Z,81
2026-01-30T15:10:00Z,81
2026-01-30T15:15:00Z,82
2026-01-30T15:20:00Z,84
2026-01-30T15:25:00Z,86
2026-01-30T15:30:00Z,88
2026-01-30T15:35:00Z,90
2026-01-30T15:40:00Z,96
2026-01-30T15:45:00Z,103
2026-01-30T15:50:00Z,106
2026-01-30T15:55:00Z,106
2026-01-30T16:00:00Z,109
2026-01-30T16:05:00Z,112
2026-01-30T16:10:00Z,113
2026-01-30T16:15:00Z,114
2026-01-30T16:20:00Z,119
2026-01-30T16:25:00Z,120
2026-01-30T16:30:00Z,117
2026-01-30T16:35:00Z,110
2026-01-30T16:40:00Z,101
2026-01-30T16:45:00Z,95
2026-01-30T16:50:00Z,91
2026-01-30T16:55:00Z,90
2026-01-30T17:00:00Z,89
2026-01-30T17:05:00Z,90
2026-01-30T17:10:00Z,91
2026-01-30T17:15:00Z,92
2026-01-30T17:20:00Z,93
2026-01-30T17:25:00Z,93
2026-01-30T17:30:00Z,96
2026-01-30T17:35:00Z,99
2026-01-30T17:40:00Z,102
2026-01-30T17:45:00Z,103
2026-01-30T17:50:00Z,105
2026-01-30T17:55:00Z,106
2026-01-30T18:00:00Z,103
2026-01-30T18:05:00Z,102
2026-01-30T18:10:00Z,100
2026-01-30T18:15:00Z,95
2026-01-30T18:20:00Z,94
2026-01-30T18:25:00Z,93
2026-01-30T18:30:00Z,92
2026-01-30T18:35:00Z,90
2026-01-30T18:40:00Z,92
2026-01-30T18:45:00Z,93
2026-01-30T18:50:00Z,93
2026-01-30T18:55:00Z,92
2026-01-30T19:00:00Z,92
2026-01-30T19:05:00Z,90
2026-01-30T19:10:00Z,88
2026-01-30T19:15:00Z,86
2026-01-30T19:20:00Z,84
2026-01-30T19:25:00Z,84
2026-01-30T19:30:00Z,83
2026-01-30T19:35:00Z,82
2026-01-30T19:40:00Z,85
2026-01-30T19:45:00Z,88
2026-01-30T19:50:00Z,90
2026-01-30T19:55:00Z,93
2026-01-30T20:00:00Z,94
2026-01-30T20:05:00Z,99
2026-01-30T20:10:00Z,105
2026-01-30T20:15:00Z,115
2026-01-30T20:20:00Z,120
2026-01-30T20:25:00Z,124
2026-01-30T20:30:00Z,127
2026-01-30T20:35:00Z,126
2026-01-30T20:40:00Z,119
2026-01-30T20:45:00Z,112
2026-01-30T20:50:00Z,105
2026-01-30T20:55:00Z,99
2026-01-30T21:00:00Z,94
2026-01-30T21:05:00Z,88
2026-01-30T21:10:00Z,82
2026-01-30T21:15:00Z,79
2026-01-30T21:20:00Z,87
2026-01-30T21:25:00Z,84
2026-01-30T21:30:00Z,88
2026-01-30T21:35:00Z,116
2026-01-30T21:40:00Z,115
2026-01-30T21:45:00Z,120
2026-01-30T21:50:00Z,117
2026-01-30T21:55:00Z,104
2026-01-30T22:00:00Z,96
2026-01-30T22:05:00Z,85
2026-01-30T22:10:00Z,81
2026-01-30T22:15:00Z,84
2026-01-30T22:20:00Z,96
2026-01-30T22:25:00Z,112
2026-01-30T22:30:00Z,121
2026-01-30T22:35:00Z,127
2026-01-30T22:40:00Z,132
2026-01-30T22:45:00Z,134
2026-01-30T22:50:00Z,125
2026-01-30T22:55:00Z,117
2026-01-30T23:00:00Z,110
2026-01-30T23:05:00Z,105
2026-01-30T23:10:00Z,98
2026-01-30T23:15:00Z,96
2026-01-30T23:20:00Z,96
2026-01-30T23:25:00Z,99
2026-01-30T23:30:00Z,101
2026-01-30T23:35:00Z,106
2026-01-30T23:40:00Z,114
2026-01-30T23:45:00Z,121
2026-01-30T23:50:00Z,122
2026-01-30T23:55:00Z,122
2026-01-31T00:00:00Z,118
2026-01-31T00:05:00Z,110
2026-01-31T00:10:00Z,105
2026-01-31T00:15:00Z,102
2026-01-31T00:20:00Z,102
2026-01-31T00:25:00Z,100
2026-01-31T00:30:00Z,102
2026-01-31T00:35:00Z,104
2026-01-31T00:40:00Z,104
2026-01-31T00:45:00Z,108
2026-01-31T00:50:00Z,112
2026-01-31T00:55:00Z,113
2026-01-31T01:00:00Z,114
2026-01-31T01:05:00Z,114
2026-01-31T01:10:00Z,114
2026-01-31T01:15:00Z,113
2026-01-31T01:20:00Z,112
2026-01-31T01:25:00Z,110
2026-01-31T01:30:00Z,111
2026-01-31T01:35:00Z,114
2026-01-31T01:40:00Z,113
2026-01-31T01:45:00Z,112
2026-01-31T01:50:00Z,110
2026-01-31T01:55:00Z,111
2026-01-31T02:00:00Z,112
2026-01-31T02:05:00Z,111
2026-01-31T02:10:00Z,112
2026-01-31T02:15:00Z,113
2026-01-31T02:20:00Z,114
2026-01-31T02:25:00Z,114
2026-01-31T02:30:00Z,114
2026-01-31T02:35:00Z,113
2026-01-31T02:40:00Z,111
2026-01-31T02:45:00Z,112
2026-01-31T02:50:00Z,110
2026-01-31T02:55:00Z,106
2026-01-31T03:00:00Z,104
2026-01-31T03:05:00Z,103
2026-01-31T03:10:00Z,103
2026-01-31T03:15:00Z,103
2026-01-31T03:20:00Z,103
2026-01-31T03:25:00Z,104
2026-01-31T03:30:00Z,106
2026-01-31T03:35:00Z,105
2026-01-31T03:40:00Z,106
2026-01-31T03:45:00Z,106
2026-01-31T03:50:00Z,106
2026-01-31T03:55:00Z,107
2026-01-31T04:00:00Z,107
2026-01-31T04:05:00Z,107
2026-01-31T04:10:00Z,106
2026-01-31T04:15:00Z,105
2026-01-31T04:20:00Z,104
2026-01-31T04:25:00Z,104
2026-01-31T04:30:00Z,104
2026-01-31T04:35:00Z,103
2026-01-31T04:40:00Z,102
2026-01-31T04:45:00Z,99
2026-01-31T04:50:00Z,97
2026-01-31T04:55:00Z,96
2026-01-31T05:00:00Z,96
2026-01-31T05:05:00Z,96
2026-01-31T05:10:00Z,96
2026-01-31T05:15:00Z,97
2026-01-31T05:20:00Z,96
2026-01-31T05:25:00Z,97
2026-01-31T05:30:00Z,98
2026-01-31T05:35:00Z,98
2026-01-31T05:40:00Z,97
2026-01-31T05:45:00Z,97
2026-01-31T05:50:00Z,96
2026-01-31T05:55:00Z,96
2026-01-31T06:00:00Z,96
2026-01-31T06:05:00Z,94
2026-01-31T06:10:00Z,94
2026-01-31T06:15:00Z,96
2026-01-31T06:20:00Z,97
2026-01-31T06:25:00Z,97
2026-01-31T06:30:00Z,97
2026-01-31T06:35:00Z,97
2026-01-31T06:40:00Z,97
2026-01-31T06:45:00Z,96
2026-01-31T06:50:00Z,97
2026-01-31T06:55:00Z,97
2026-01-31T07:00:00Z,98
2026-01-31T07:05:00Z,98
2026-01-31T07:10:00Z,99
2026-01-31T07:15:00Z,100
2026-01-31T07:20:00Z,98
2026-01-31T07:25:00Z,96
2026-01-31T07:30:00Z,95
2026-01-31T07:35:00Z,95
2026-01-31T07:40:00Z,94
2026-01-31T07:45:00Z,94
2026-01-31T07:50:00Z,95
2026-01-31T07:55:00Z,95
2026-01-31T08:00:00Z,95
2026-01-31T08:05:00Z,94
2026-01-31T08:10:00Z,92
2026-01-31T08:15:00Z,91
2026-01-31T08:20:00Z,91
2026-01-31T08:25:00Z,90
2026-01-31T08:30:00Z,90
2026-01-31T08:35:00Z,92
2026-01-31T08:40:00Z,93
2026-01-31T08:45:00Z,93
2026-01-31T08:50:00Z,93
2026-01-31T08:55:00Z,94
2026-01-31T09:00:00Z,94
2026-01-31T09:05:00Z,93
2026-01-31T09:10:00Z,94
2026-01-31T09:15:00Z,95
2026-01-31T09:20:00Z,97
2026-01-31T09:25:00Z,97
2026-01-31T09:30:00Z,98
2026-01-31T09:35:00Z,97
2026-01-31T09:40:00Z,97
2026-01-31T09:45:00Z,100
2026-01-31T09:50:00Z,101
2026-01-31T09:55:00Z,101
2026-01-31T10:00:00Z,99
2026-01-31T10:05:00Z,100
2026-01-31T10:10:00Z,100
2026-01-31T10:15:00Z,103
2026-01-31T10:20:00Z,106
2026-01-31T10:25:00Z,110
2026-01-31T10:30:00Z,108
2026-01-31T10:35:00Z,104
2026-01-31T10:40:00Z,102
2026-01-31T10:45:00Z,102
2026-01-31T10:50:00Z,101
2026-01-31T10:55:00Z,100
2026-01-31T11:00:00Z,101
2026-01-31T11:05:00Z,101
2026-01-31T11:10:00Z,100
2026-01-31T11:15:00Z,99
2026-01-31T11:20:00Z,100
2026-01-31T11:25:00Z,99
2026-01-31T11:30:00Z,101
2026-01-31T11:35:00Z,103
2026-01-31T11:40:00Z,108
2026-01-31T11:45:00Z,111
2026-01-31T11:50:00Z,114
2026-01-31T11:55:00Z,122
2026-01-31T12:00:00Z,126
2026-01-31T12:05:00Z,122
2026-01-31T12:10:00Z,118
2026-01-31T12:15:00Z,111
2026-01-31T12:20:00Z,104
2026-01-31T12:25:00Z,100
2026-01-31T12:30:00Z,95
2026-01-31T12:35:00Z,95
2026-01-31T12:40:00Z,99
2026-01-31T12:45:00Z,106
2026-01-31T12:50:00Z,116
2026-01-31T12:55:00Z,124
2026-01-31T13:00:00Z,129
2026-01-31T13:05:00Z,131
2026-01-31T13:10:00Z,130
2026-01-31T13:15:00Z,127
2026-01-31T13:20:00Z,119
2026-01-31T13:25:00Z,112
2026-01-31T13:30:00Z,108
2026-01-31T13:35:00Z,102
2026-01-31T13:40:00Z,98
2026-01-31T13:45:00Z,98
2026-01-31T13:50:00Z,101
2026-01-31T13:55:00Z,101
2026-01-31T14:00:00Z,105
2026-01-31T14:05:00Z,106
2026-01-31T14:10:00Z,110
2026-01-31T14:15:00Z,115
2026-01-31T14:20:00Z,114
2026-01-31T14:25:00Z,119
2026-01-31T14:30:00Z,121
2026-01-31T14:35:00Z,120
2026-01-31T14:40:00Z,115
2026-01-31T14:45:00Z,111
2026-01-31T14:50:00Z,108
2026-01-31T14:55:00Z,107
2026-01-31T15:00:00Z,102
2026-01-31T15:05:00Z,95
2026-01-31T15:10:00Z,92
2026-01-31T15:15:00Z,94
2026-01-31T15:20:00Z,93
2026-01-31T15:25:00Z,90
2026-01-31T15:30:00Z,89
2026-01-31T15:35:00Z,90
2026-01-31T15:40:00Z,89
2026-01-31T15:45:00Z,90
2026-01-31T15:50:00Z,93
2026-01-31T15:55:00Z,91
2026-01-31T16:00:00Z,93
2026-01-31T16:05:00Z,92
2026-01-31T16:10:00Z,89
2026-01-31T16:15:00Z,94
2026-01-31T16:20:00Z,96
2026-01-31T16:25:00Z,102
2026-01-31T16:30:00Z,103
2026-01-31T16:35:00Z,101
2026-01-31T16:40:00Z,99
2026-01-31T16:45:00Z,107
2026-01-31T16:50:00Z,115
2026-01-31T16:55:00Z,121
2026-01-31T17:00:00Z,125
2026-01-31T17:05:00Z,127
2026-01-31T17:10:00Z,128
2026-01-31T17:15:00Z,123
2026-01-31T17:20:00Z,121
2026-01-31T17:25:00Z,116
2026-01-31T17:30:00Z,111
2026-01-31T17:35:00Z,111
2026-01-31T17:40:00Z,110
2026-01-31T17:45:00Z,107
2026-01-31T17:50:00Z,106
2026-01-31T17:55:00Z,105
2026-01-31T18:00:00Z,105
2026-01-31T18:05:00Z,103
2026-01-31T18:10:00Z,104
2026-01-31T18:15:00Z,104
2026-01-31T18:20:00Z,102
2026-01-31T18:25:00Z,94
2026-01-31T18:30:00Z,90
2026-01-31T18:35:00Z,86
2026-01-31T18:40:00Z,83
2026-01-31T18:45:00Z,80
2026-01-31T18:50:00Z,79
2026-01-31T18:55:00Z,78
2026-01-31T19:00:00Z,78
2026-01-31T19:05:00Z,80
2026-01-31T19:10:00Z,80
2026-01-31T19:15:00Z,82
2026-01-31T19:20:00Z,84
2026-01-31T19:25:00Z,83
2026-01-31T19:30:00Z,83
2026-01-31T19:35:00Z,84
2026-01-31T19:40:00Z,85
2026-01-31T19:45:00Z,87
2026-01-31T19:50:00Z,89
2026-01-31T19:55:00Z,89
2026-01-31T20:00:00Z,90
2026-01-31T20:05:00Z,90
2026-01-31T20:10:00Z,92
2026-01-31T20:15:00Z,93
2026-01-31T20:20:00Z,92
2026-01-31T20:25:00Z,94
2026-01-31T20:30:00Z,94
2026-01-31T20:35:00Z,94
2026-01-31T20:40:00Z,95
2026-01-31T20:45:00Z,94
2026-01-31T20:50:00Z,96
2026-01-31T20:55:00Z,96
2026-01-31T21:00:00Z,96
2026-01-31T21:05:00Z,97
2026-01-31T21:10:00Z,96
2026-01-31T21:15:00Z,94
2026-01-31T21:20:00Z,91
2026-01-31T21:25:00Z,91
2026-01-31T21:30:00Z,92
2026-01-31T21:35:00Z,91
2026-01-31T21:40:00Z,93
2026-01-31T21:45:00Z,96
2026-01-31T21:50:00Z,98
2026-01-31T21:55:00Z,97
2026-01-31T22:00:00Z,97
2026-01-31T22:05:00Z,96
2026-01-31T22:10:00Z,95
2026-01-31T22:15:00Z,94
2026-01-31T22:20:00Z,94
2026-01-31T22:25:00Z,95
2026-01-31T22:30:00Z,98
2026-01-31T22:35:00Z,101
2026-01-31T22:40:00Z,106
2026-01-31T22:45:00Z,113
2026-01-31T22:50:00Z,122
2026-01-31T22:55:00Z,135
2026-01-31T23:00:00Z,143
2026-01-31T23:05:00Z,149
2026-01-31T23:10:00Z,147
2026-01-31T23:15:00Z,142
2026-01-31T23:20:00Z,138
2026-01-31T23:25:00Z,131
2026-01-31T23:30:00Z,130
2026-01-31T23:35:00Z,128
2026-01-31T23:40:00Z,129
2026-01-31T23:45:00Z,132
2026-01-31T23:50:00Z,135
2026-01-31T23:55:00Z,137
2026-02-01T00:00:00Z,138
2026-02-01T00:05:00Z,138
2026-02-01T00:10:00Z,137
2026-02-01T00:15:00Z,137
2026-02-01T00:20:00Z,136
2026-02-01T00:25:00Z,136
2026-02-01T00:30:00Z,135
2026-02-01T00:35:00Z,136
2026-02-01T00:40:00Z,137
2026-02-01T00:45:00Z,137
2026-02-01T00:50:00Z,137
2026-02-01T00:55:00Z,135
2026-02-01T01:00:00Z,133
2026-02-01T01:05:00Z,130
2026-02-01T01:10:00Z,126
2026-02-01T01:15:00Z,123
2026-02-01T01:20:00Z,121
2026-02-01T01:25:00Z,120
2026-02-01T01:30:00Z,117
2026-02-01T01:35:00Z,112
2026-02-01T01:40:00Z,109
2026-02-01T01:45:00Z,106
2026-02-01T01:50:00Z,104
2026-02-01T01:55:00Z,99
2026-02-01T02:00:00Z,98
2026-02-01T02:05:00Z,98
2026-02-01T02:10:00Z,101
2026-02-01T02:15:00Z,103
2026-02-01T02:20:00Z,106
2026-02-01T02:25:00Z,111
2026-02-01T02:30:00Z,115
2026-02-01T02:35:00Z,120
2026-02-01T02:40:00Z,121
2026-02-01T02:45:00Z,124
2026-02-01T02:50:00Z,122
2026-02-01T02:55:00Z,119
2026-02-01T03:00:00Z,117
2026-02-01T03:05:00Z,114
2026-02-01T03:10:00Z,112
2026-02-01T03:15:00Z,110
2026-02-01T03:20:00Z,109
2026-02-01T03:25:00Z,108
2026-02-01T03:30:00Z,107
2026-02-01T03:35:00Z,106
2026-02-01T03:40:00Z,105
2026-02-01T03:45:00Z,103
2026-02-01T03:50:00Z,101
2026-02-01T03:55:00Z,99
2026-02-01T04:00:00Z,96
2026-02-01T04:05:00Z,96
2026-02-01T04:10:00Z,96
2026-02-01T04:15:00Z,95
2026-02-01T04:20:00Z,96
2026-02-01T04:25:00Z,92
2026-02-01T04:30:00Z,90
2026-02-01T04:35:00Z,90
2026-02-01T04:40:00Z,87
2026-02-01T04:45:00Z,87
2026-02-01T04:50:00Z,89
2026-02-01T04:55:00Z,91
2026-02-01T05:00:00Z,92
2026-02-01T05:05:00Z,94
2026-02-01T05:10:00Z,91
2026-02-01T05:15:00Z,91
2026-02-01T05:20:00Z,90
2026-02-01T05:25:00Z,89
2026-02-01T05:30:00Z,87
2026-02-01T05:35:00Z,84
2026-02-01T05:40:00Z,85
2026-02-01T05:45:00Z,85
2026-02-01T05:50:00Z,81
2026-02-01T05:55:00Z,80
2026-02-01T06:00:00Z,83
2026-02-01T06:05:00Z,85
2026-02-01T06:10:00Z,86
2026-02-01T06:15:00Z,90
2026-02-01T06:20:00Z,92
2026-02-01T06:25:00Z,92
2026-02-01T06:30:00Z,91
2026-02-01T06:35:00Z,90
2026-02-01T06:40:00Z,90
2026-02-01T06:45:00Z,90
2026-02-01T06:50:00Z,90
2026-02-01T06:55:00Z,90
2026-02-01T07:00:00Z,90
2026-02-01T07:05:00Z,89
2026-02-01T07:10:00Z,91
2026-02-01T07:15:00Z,91
2026-02-01T07:20:00Z,92
2026-02-01T07:25:00Z,92
2026-02-01T07:30:00Z,92
2026-02-01T07:35:00Z,95
2026-02-01T07:40:00Z,94
2026-02-01T07:45:00Z,94
2026-02-01T07:50:00Z,92
2026-02-01T07:55:00Z,92
2026-02-01T08:00:00Z,92
2026-02-01T08:05:00Z,90
2026-02-01T08:10:00Z,91
2026-02-01T08:15:00Z,89
2026-02-01T08:20:00Z,90
2026-02-01T08:25:00Z,91
2026-02-01T08:30:00Z,90
2026-02-01T08:35:00Z,88
2026-02-01T08:40:00Z,88
2026-02-01T08:45:00Z,87
2026-02-01T08:55:00Z,90
2026-02-01T09:00:00Z,88
2026-02-01T09:05:00Z,91
2026-02-01T09:10:00Z,95
2026-02-01T09:15:00Z,96
2026-02-01T09:20:00Z,94
2026-02-01T09:25:00Z,93
2026-02-01T09:30:00Z,94
2026-02-01T09:35:00Z,93
2026-02-01T09:40:00Z,94
2026-02-01T09:45:00Z,96
2026-02-01T09:50:00Z,100
2026-02-01T09:55:00Z,103
2026-02-01T10:00:00Z,98
2026-02-01T10:05:00Z,98
2026-02-01T10:10:00Z,99
2026-02-01T10:15:00Z,98
2026-02-01T10:20:00Z,96
2026-02-01T10:25:00Z,90
2026-02-01T10:30:00Z,96
2026-02-01T10:35:00Z,97
2026-02-01T10:40:00Z,94
2026-02-01T10:45:00Z,93
2026-02-01T10:50:00Z,97
2026-02-01T10:55:00Z,98
2026-02-01T11:00:00Z,96
2026-02-01T11:05:00Z,103
2026-02-01T11:10:00Z,105
2026-02-01T11:15:00Z,104
2026-02-01T11:20:00Z,100
2026-02-01T11:25:00Z,97
2026-02-01T11:30:00Z,94
2026-02-01T11:35:00Z,88
2026-02-01T11:40:00Z,84
2026-02-01T11:45:00Z,87
2026-02-01T11:50:00Z,93
2026-02-01T11:55:00Z,95
2026-02-01T12:00:00Z,97
2026-02-01T12:05:00Z,94
2026-02-01T12:10:00Z,92
2026-02-01T12:15:00Z,90
2026-02-01T12:20:00Z,91
2026-02-01T12:25:00Z,92
2026-02-01T12:30:00Z,94
2026-02-01T12:35:00Z,101
2026-02-01T12:40:00Z,112
2026-02-01T12:45:00Z,122
2026-02-01T12:50:00Z,134
2026-02-01T12:55:00Z,146
2026-02-01T13:00:00Z,150
2026-02-01T13:05:00Z,151
2026-02-01T13:10:00Z,143
2026-02-01T13:15:00Z,133
2026-02-01T13:20:00Z,119
2026-02-01T13:25:00Z,107
2026-02-01T13:30:00Z,101
2026-02-01T13:35:00Z,95
2026-02-01T13:40:00Z,93
2026-02-01T13:45:00Z,93
2026-02-01T13:50:00Z,93
2026-02-01T13:55:00Z,94
2026-02-01T14:00:00Z,96
2026-02-01T14:05:00Z,98
2026-02-01T14:10:00Z,100
2026-02-01T14:15:00Z,99
2026-02-01T14:20:00Z,96
2026-02-01T14:25:00Z,94
2026-02-01T14:30:00Z,92
2026-02-01T14:35:00Z,89
2026-02-01T14:40:00Z,88
2026-02-01T14:45:00Z,88
2026-02-01T14:50:00Z,88
2026-02-01T14:55:00Z,89
2026-02-01T15:00:00Z,90
2026-02-01T15:05:00Z,90
2026-02-01T15:10:00Z,90
2026-02-01T15:15:00Z,90
2026-02-01T15:20:00Z,90
2026-02-01T15:25:00Z,89
2026-02-01T15:30:00Z,89
2026-02-01T15:35:00Z,90
2026-02-01T15:40:00Z,88
2026-02-01T15:45:00Z,87
2026-02-01T15:50:00Z,86
2026-02-01T15:55:00Z,87
2026-02-01T16:00:00Z,87
2026-02-01T16:05:00Z,88
2026-02-01T16:10:00Z,90
2026-02-01T16:15:00Z,92
2026-02-01T16:20:00Z,97
2026-02-01T16:25:00Z,104
2026-02-01T16:30:00Z,112
2026-02-01T16:35:00Z,120
2026-02-01T16:40:00Z,133
2026-02-01T16:45:00Z,141
2026-02-01T16:50:00Z,145
2026-02-01T16:55:00Z,145
2026-02-01T17:00:00Z,139
2026-02-01T17:05:00Z,134
2026-02-01T17:10:00Z,126
2026-02-01T17:15:00Z,117
2026-02-01T17:20:00Z,116
2026-02-01T17:25:00Z,114
2026-02-01T17:30:00Z,114
2026-02-01T17:35:00Z,116
2026-02-01T17:40:00Z,119
2026-02-01T17:45:00Z,121
2026-02-01T17:50:00Z,125
2026-02-01T17:55:00Z,130
2026-02-01T18:00:00Z,132
2026-02-01T18:05:00Z,137
2026-02-01T18:10:00Z,137
2026-02-01T18:15:00Z,133
2026-02-01T18:20:00Z,132
2026-02-01T18:25:00Z,132
2026-02-01T18:30:00Z,129
2026-02-01T18:35:00Z,133
2026-02-01T18:40:00Z,135
2026-02-01T18:45:00Z,134
2026-02-01T18:50:00Z,131
2026-02-01T18:55:00Z,133
2026-02-01T19:00:00Z,126
2026-02-01T19:05:00Z,122
2026-02-01T19:10:00Z,111
2026-02-01T19:15:00Z,99
2026-02-01T19:20:00Z,95
2026-02-01T19:25:00Z,100
2026-02-01T19:30:00Z,106
2026-02-01T19:35:00Z,112
2026-02-01T19:40:00Z,121
2026-02-01T19:45:00Z,128
2026-02-01T19:50:00Z,134
2026-02-01T19:55:00Z,135
2026-02-01T20:00:00Z,133
2026-02-01T20:05:00Z,130
2026-02-01T20:10:00Z,124
2026-02-01T20:15:00Z,118
2026-02-01T20:20:00Z,114
2026-02-01T20:25:00Z,111
2026-02-01T20:30:00Z,110
2026-02-01T20:35:00Z,112
2026-02-01T20:40:00Z,117
2026-02-01T20:45:00Z,120
2026-02-01T20:50:00Z,121
2026-02-01T20:55:00Z,122
2026-02-01T21:00:00Z,120
2026-02-01T21:05:00Z,119
2026-02-01T21:10:00Z,119
2026-02-01T21:15:00Z,118
2026-02-01T21:20:00Z,118
2026-02-01T21:25:00Z,119
2026-02-01T21:30:00Z,119
2026-02-01T21:35:00Z,117
2026-02-01T21:40:00Z,112
2026-02-01T21:45:00Z,106
2026-02-01T21:50:00Z,101
2026-02-01T21:55:00Z,94
2026-02-01T22:00:00Z,91
2026-02-01T22:05:00Z,89
2026-02-01T22:10:00Z,91
2026-02-01T22:15:00Z,92
2026-02-01T22:20:00Z,94
2026-02-01T22:25:00Z,94
2026-02-01T22:30:00Z,93
2026-02-01T22:35:00Z,93
2026-02-01T22:40:00Z,93
2026-02-01T22:45:00Z,92
2026-02-01T22:50:00Z,90
2026-02-01T22:55:00Z,89
2026-02-01T23:00:00Z,89
2026-02-01T23:05:00Z,90
2026-02-01T23:10:00Z,89
2026-02-01T23:15:00Z,89
2026-02-01T23:20:00Z,88
2026-02-01T23:25:00Z,89
2026-02-01T23:30:00Z,89
2026-02-01T23:35:00Z,89
2026-02-01T23:40:00Z,90
2026-02-01T23:45:00Z,91
2026-02-01T23:50:00Z,92
2026-02-01T23:55:00Z,91
2026-02-02T00:00:00Z,92
2026-02-02T00:05:00Z,92
2026-02-02T00:10:00Z,91
2026-02-02T00:15:00Z,91
2026-02-02T00:20:00Z,92
2026-02-02T00:25:00Z,91
2026-02-02T00:30:00Z,91
2026-02-02T00:35:00Z,91
2026-02-02T00:40:00Z,94
2026-02-02T00:45:00Z,95
2026-02-02T00:50:00Z,96
2026-02-02T00:55:00Z,97
2026-02-02T01:00:00Z,96
2026-02-02T01:05:00Z,94
2026-02-02T01:10:00Z,95
2026-02-02T01:15:00Z,98
2026-02-02T01:20:00Z,98
2026-02-02T01:25:00Z,97
2026-02-02T01:30:00Z,100
2026-02-02T01:35:00Z,104
2026-02-02T01:40:00Z,112
2026-02-02T01:45:00Z,122
2026-02-02T01:50:00Z,135
2026-02-02T01:55:00Z,150
2026-02-02T02:00:00Z,160
2026-02-02T02:05:00Z,164
2026-02-02T02:10:00Z,162
2026-02-02T02:15:00Z,154
2026-02-02T02:20:00Z,143
2026-02-02T02:25:00Z,131
2026-02-02T02:30:00Z,121
2026-02-02T02:35:00Z,115
2026-02-02T02:40:00Z,112
2026-02-02T02:45:00Z,115
2026-02-02T02:50:00Z,120
2026-02-02T02:55:00Z,123
2026-02-02T03:00:00Z,129
2026-02-02T03:05:00Z,134
2026-02-02T03:10:00Z,136
2026-02-02T03:15:00Z,137
2026-02-02T03:20:00Z,137
2026-02-02T03:25:00Z,136
2026-02-02T03:30:00Z,134
2026-02-02T03:35:00Z,131
2026-02-02T03:40:00Z,128
2026-02-02T03:45:00Z,125
2026-02-02T03:50:00Z,123
2026-02-02T03:55:00Z,120
2026-02-02T04:00:00Z,119
2026-02-02T04:05:00Z,120
2026-02-02T04:10:00Z,119
2026-02-02T04:15:00Z,124
2026-02-02T04:20:00Z,126
2026-02-02T04:25:00Z,127
2026-02-02T04:30:00Z,130
2026-02-02T04:35:00Z,128
2026-02-02T04:40:00Z,126
2026-02-02T04:45:00Z,123
2026-02-02T04:50:00Z,120
2026-02-02T04:55:00Z,117
2026-02-02T05:00:00Z,114
2026-02-02T05:05:00Z,111
2026-02-02T05:10:00Z,109
2026-02-02T05:15:00Z,106
2026-02-02T05:20:00Z,105
2026-02-02T05:25:00Z,104
2026-02-02T05:30:00Z,105
2026-02-02T05:35:00Z,109
2026-02-02T05:40:00Z,113
2026-02-02T05:45:00Z,117
2026-02-02T05:50:00Z,125
2026-02-02T05:55:00Z,127
2026-02-02T06:00:00Z,128
2026-02-02T06:05:00Z,128
2026-02-02T06:10:00Z,128
2026-02-02T06:15:00Z,125
2026-02-02T06:20:00Z,119
2026-02-02T06:25:00Z,113
2026-02-02T06:30:00Z,105
2026-02-02T06:35:00Z,99
2026-02-02T06:40:00Z,94
2026-02-02T06:45:00Z,90
2026-02-02T06:50:00Z,90
2026-02-02T06:55:00Z,91
2026-02-02T07:00:00Z,90
2026-02-02T07:05:00Z,93
2026-02-02T07:10:00Z,96
2026-02-02T07:15:00Z,98
2026-02-02T07:20:00Z,98
2026-02-02T07:25:00Z,95
2026-02-02T07:30:00Z,95
2026-02-02T07:35:00Z,96
2026-02-02T07:40:00Z,96
2026-02-02T07:45:00Z,97
2026-02-02T07:50:00Z,98
2026-02-02T07:55:00Z,100
2026-02-02T08:00:00Z,99
2026-02-02T08:05:00Z,98
2026-02-02T08:10:00Z,98
2026-02-02T08:15:00Z,98
2026-02-02T08:20:00Z,100
2026-02-02T08:25:00Z,105
2026-02-02T08:30:00Z,111
2026-02-02T08:35:00Z,118
2026-02-02T08:40:00Z,125
2026-02-02T08:45:00Z,129
2026-02-02T08:50:00Z,136
2026-02-02T08:55:00Z,139
2026-02-02T09:00:00Z,138
2026-02-02T09:05:00Z,133
2026-02-02T09:10:00Z,126
2026-02-02T09:15:00Z,118
2026-02-02T09:20:00Z,108
2026-02-02T09:25:00Z,102
2026-02-02T09:30:00Z,96
2026-02-02T09:35:00Z,91
2026-02-02T09:40:00Z,88
2026-02-02T09:45:00Z,88
2026-02-02T09:50:00Z,88
2026-02-02T09:55:00Z,89
2026-02-02T10:00:00Z,90
2026-02-02T10:05:00Z,93
2026-02-02T10:10:00Z,96
2026-02-02T10:15:00Z,99
2026-02-02T10:20:00Z,102
2026-02-02T10:25:00Z,104
2026-02-02T10:30:00Z,106
2026-02-02T10:35:00Z,106
2026-02-02T10:40:00Z,104
2026-02-02T10:45:00Z,102
2026-02-02T10:50:00Z,99
2026-02-02T10:55:00Z,98
2026-02-02T11:00:00Z,95
2026-02-02T11:05:00Z,95
2026-02-02T11:10:00Z,95
2026-02-02T11:15:00Z,96
2026-02-02T11:20:00Z,96
2026-02-02T11:25:00Z,97
2026-02-02T11:30:00Z,97
2026-02-02T11:35:00Z,98
2026-02-02T11:40:00Z,99
2026-02-02T11:45:00Z,101
2026-02-02T11:50:00Z,101
2026-02-02T11:55:00Z,103
2026-02-02T12:00:00Z,108
2026-02-02T12:05:00Z,113
2026-02-02T12:10:00Z,116
2026-02-02T12:15:00Z,117
2026-02-02T12:20:00Z,115
2026-02-02T12:25:00Z,112
2026-02-02T12:30:00Z,107
2026-02-02T12:35:00Z,100
2026-02-02T12:40:00Z,98
2026-02-02T12:45:00Z,96
2026-02-02T12:50:00Z,95
2026-02-02T12:55:00Z,97
2026-02-02T13:00:00Z,97
2026-02-02T13:05:00Z,96
2026-02-02T13:10:00Z,98
2026-02-02T13:15:00Z,97
2026-02-02T13:20:00Z,96
2026-02-02T13:25:00Z,96
2026-02-02T13:30:00Z,95
2026-02-02T13:35:00Z,94
2026-02-02T13:40:00Z,93
2026-02-02T13:45:00Z,92
2026-02-02T13:50:00Z,93
2026-02-02T13:55:00Z,93
2026-02-02T14:00:00Z,92
2026-02-02T14:05:00Z,93
2026-02-02T14:10:00Z,92
2026-02-02T14:15:00Z,91
2026-02-02T14:20:00Z,91
2026-02-02T14:25:00Z,89
2026-02-02T14:30:00Z,90
2026-02-02T14:35:00Z,91
2026-02-02T14:40:00Z,90
2026-02-02T14:45:00Z,92
2026-02-02T14:50:00Z,92
2026-02-02T14:55:00Z,91
2026-02-02T15:00:00Z,91
2026-02-02T15:05:00Z,92
2026-02-02T15:10:00Z,93
2026-02-02T15:15:00Z,92
2026-02-02T15:20:00Z,94
2026-02-02T15:25:00Z,96
2026-02-02T15:30:00Z,99
2026-02-02T15:35:00Z,105
2026-02-02T15:40:00Z,111
2026-02-02T15:45:00Z,117
2026-02-02T15:50:00Z,123
2026-02-02T15:55:00Z,127
2026-02-02T16:00:00Z,126
2026-02-02T16:05:00Z,122
2026-02-02T16:10:00Z,117
2026-02-02T16:15:00Z,111
2026-02-02T16:20:00Z,103
2026-02-02T16:25:00Z,91
2026-02-02T16:30:00Z,83
2026-02-02T16:35:00Z,82
2026-02-02T16:40:00Z,82
2026-02-02T16:45:00Z,85
2026-02-02T16:50:00Z,94
2026-02-02T16:55:00Z,100
2026-02-02T17:00:00Z,105
2026-02-02T17:05:00Z,106
2026-02-02T17:10:00Z,102
2026-02-02T17:15:00Z,97
2026-02-02T17:20:00Z,92
2026-02-02T17:25:00Z,93
2026-02-02T17:30:00Z,93
2026-02-02T17:35:00Z,98
2026-02-02T17:40:00Z,104
2026-02-02T17:45:00Z,111
2026-02-02T17:50:00Z,114
2026-02-02T17:55:00Z,117
2026-02-02T18:00:00Z,115
2026-02-02T18:05:00Z,109
2026-02-02T18:10:00Z,103
2026-02-02T18:15:00Z,96
2026-02-02T18:20:00Z,93
2026-02-02T18:25:00Z,89
2026-02-02T18:30:00Z,87
2026-02-02T18:35:00Z,88
2026-02-02T18:40:00Z,90
2026-02-02T18:45:00Z,92
2026-02-02T18:50:00Z,93
2026-02-02T18:55:00Z,95
2026-02-02T19:00:00Z,98
2026-02-02T19:05:00Z,99
2026-02-02T19:10:00Z,99
2026-02-02T19:15:00Z,99
2026-02-02T19:20:00Z,100
2026-02-02T19:25:00Z,100
2026-02-02T19:30:00Z,99
2026-02-02T19:35:00Z,97
2026-02-02T19:40:00Z,95
2026-02-02T19:45:00Z,93
2026-02-02T19:50:00Z,92
2026-02-02T19:55:00Z,90
2026-02-02T20:00:00Z,92
2026-02-02T20:05:00Z,90
2026-02-02T20:10:00Z,89
2026-02-02T20:15:00Z,90
2026-02-02T20:20:00Z,89
2026-02-02T20:25:00Z,90
2026-02-02T20:30:00Z,90
2026-02-02T20:35:00Z,91
2026-02-02T20:40:00Z,93
2026-02-02T20:45:00Z,93
2026-02-02T20:50:00Z,95
2026-02-02T20:55:00Z,93
2026-02-02T21:00:00Z,92
2026-02-02T21:05:00Z,95
2026-02-02T21:10:00Z,97
2026-02-02T21:15:00Z,96
2026-02-02T21:20:00Z,94
2026-02-02T21:25:00Z,93
2026-02-02T21:30:00Z,92
2026-02-02T21:35:00Z,93
2026-02-02T21:40:00Z,93
2026-02-02T21:45:00Z,93
2026-02-02T21:50:00Z,96
2026-02-02T21:55:00Z,97
2026-02-02T22:00:00Z,95
2026-02-02T22:05:00Z,97
2026-02-02T22:10:00Z,96
2026-02-02T22:15:00Z,95
2026-02-02T22:20:00Z,97
2026-02-02T22:25:00Z,89
2026-02-02T22:30:00Z,81
2026-02-02T22:35:00Z,79
2026-02-02T22:40:00Z,81
2026-02-02T22:45:00Z,79
2026-02-02T22:50:00Z,80
2026-02-02T22:55:00Z,85
2026-02-02T23:00:00Z,89
2026-02-02T23:05:00Z,90
2026-02-02T23:10:00Z,90
2026-02-02T23:15:00Z,95
2026-02-02T23:20:00Z,104
2026-02-02T23:25:00Z,112
2026-02-02T23:30:00Z,124
2026-02-02T23:35:00Z,133
2026-02-02T23:40:00Z,137
2026-02-02T23:45:00Z,136
2026-02-02T23:50:00Z,133
2026-02-02T23:55:00Z,126
2026-02-03T00:00:00Z,116
2026-02-03T00:05:00Z,107
2026-02-03T00:10:00Z,101
2026-02-03T00:15:00Z,96
2026-02-03T00:20:00Z,94
2026-02-03T00:25:00Z,98
2026-02-03T00:30:00Z,103
2026-02-03T00:35:00Z,107
2026-02-03T00:40:00Z,107
2026-02-03T00:45:00Z,109
2026-02-03T00:50:00Z,110
2026-02-03T00:55:00Z,106
2026-02-03T01:00:00Z,103
2026-02-03T01:05:00Z,100
2026-02-03T01:10:00Z,102
2026-02-03T01:15:00Z,103
2026-02-03T01:20:00Z,105
2026-02-03T01:25:00Z,113
2026-02-03T01:30:00Z,117
2026-02-03T01:35:00Z,121
2026-02-03T01:40:00Z,121
2026-02-03T01:45:00Z,120
2026-02-03T01:50:00Z,120
2026-02-03T01:55:00Z,114
2026-02-03T02:00:00Z,107
2026-02-03T02:05:00Z,101
2026-02-03T02:10:00Z,100
2026-02-03T02:15:00Z,100
2026-02-03T02:20:00Z,100
2026-02-03T02:25:00Z,101
2026-02-03T02:30:00Z,105
2026-02-03T02:35:00Z,111
2026-02-03T02:40:00Z,114
2026-02-03T02:45:00Z,114
2026-02-03T02:50:00Z,113
2026-02-03T02:55:00Z,112
2026-02-03T03:00:00Z,109
2026-02-03T03:05:00Z,104
2026-02-03T03:10:00Z,101
2026-02-03T03:15:00Z,99
2026-02-03T03:20:00Z,97
2026-02-03T03:25:00Z,96
2026-02-03T03:30:00Z,97
2026-02-03T03:35:00Z,98
2026-02-03T03:40:00Z,98
2026-02-03T03:45:00Z,97
2026-02-03T03:50:00Z,96
2026-02-03T03:55:00Z,94
2026-02-03T04:00:00Z,93
2026-02-03T04:05:00Z,91
2026-02-03T04:10:00Z,92
2026-02-03T04:15:00Z,91
2026-02-03T04:20:00Z,90
2026-02-03T04:25:00Z,91
2026-02-03T04:30:00Z,90
2026-02-03T04:35:00Z,89
2026-02-03T04:40:00Z,90
2026-02-03T04:45:00Z,90
2026-02-03T04:50:00Z,91
2026-02-03T04:55:00Z,91
2026-02-03T05:00:00Z,92
2026-02-03T05:05:00Z,93
2026-02-03T05:10:00Z,92
2026-02-03T05:15:00Z,91
2026-02-03T05:20:00Z,89
2026-02-03T05:25:00Z,89
2026-02-03T05:30:00Z,87
2026-02-03T05:35:00Z,87
2026-02-03T05:40:00Z,86
2026-02-03T05:45:00Z,87
2026-02-03T05:50:00Z,86
2026-02-03T05:55:00Z,86
2026-02-03T06:00:00Z,88
2026-02-03T06:05:00Z,89
2026-02-03T06:10:00Z,88
2026-02-03T06:15:00Z,89
2026-02-03T06:20:00Z,88
2026-02-03T06:25:00Z,89
2026-02-03T06:30:00Z,91
2026-02-03T06:35:00Z,91
2026-02-03T06:40:00Z,92
2026-02-03T06:45:00Z,93
2026-02-03T06:50:00Z,95
2026-02-03T06:55:00Z,95
2026-02-03T07:00:00Z,93
2026-02-03T07:05:00Z,94
2026-02-03T07:10:00Z,95
2026-02-03T07:15:00Z,92
2026-02-03T07:20:00Z,91
2026-02-03T07:25:00Z,92
2026-02-03T07:30:00Z,92
2026-02-03T07:35:00Z,91
2026-02-03T07:40:00Z,91
2026-02-03T07:45:00Z,93
2026-02-03T07:50:00Z,93
2026-02-03T07:55:00Z,94
2026-02-03T08:00:00Z,95
2026-02-03T08:05:00Z,95
2026-02-03T08:10:00Z,94
2026-02-03T08:15:00Z,92
2026-02-03T08:20:00Z,93
2026-02-03T08:25:00Z,94
2026-02-03T08:30:00Z,91
2026-02-03T08:35:00Z,91
2026-02-03T08:40:00Z,92
2026-02-03T08:45:00Z,93
2026-02-03T08:50:00Z,94
2026-02-03T08:55:00Z,94
2026-02-03T09:00:00Z,96
2026-02-03T09:05:00Z,96
2026-02-03T09:10:00Z,98
2026-02-03T09:15:00Z,99
2026-02-03T09:20:00Z,100
2026-02-03T09:25:00Z,102
2026-02-03T09:30:00Z,103
2026-02-03T09:35:00Z,103
2026-02-03T09:40:00Z,103
2026-02-03T09:45:00Z,103
2026-02-03T09:50:00Z,103
2026-02-03T09:55:00Z,105
2026-02-03T10:00:00Z,104
2026-02-03T10:05:00Z,107
2026-02-03T10:10:00Z,106
2026-02-03T10:15:00Z,105
2026-02-03T10:20:00Z,100
2026-02-03T10:25:00Z,94
2026-02-03T10:30:00Z,89
2026-02-03T10:35:00Z,91
2026-02-03T10:40:00Z,92
2026-02-03T10:45:00Z,90
2026-02-03T10:50:00Z,90
2026-02-03T10:55:00Z,93
2026-02-03T11:00:00Z,95
2026-02-03T11:05:00Z,94
2026-02-03T11:10:00Z,92
2026-02-03T11:15:00Z,92
2026-02-03T11:20:00Z,93
2026-02-03T11:25:00Z,92
2026-02-03T11:30:00Z,91
2026-02-03T11:35:00Z,91
2026-02-03T11:40:00Z,91
2026-02-03T11:45:00Z,92
2026-02-03T11:50:00Z,94
2026-02-03T11:55:00Z,97
2026-02-03T12:00:00Z,103
2026-02-03T12:05:00Z,111
2026-02-03T12:10:00Z,116
2026-02-03T12:15:00Z,119
2026-02-03T12:20:00Z,122
2026-02-03T12:25:00Z,120
2026-02-03T12:30:00Z,115
2026-02-03T12:35:00Z,111
2026-02-03T12:40:00Z,108
2026-02-03T12:45:00Z,104
2026-02-03T12:50:00Z,103
2026-02-03T12:55:00Z,102
2026-02-03T13:00:00Z,102
2026-02-03T13:05:00Z,103
2026-02-03T13:10:00Z,102
2026-02-03T13:15:00Z,101
2026-02-03T13:20:00Z,97
2026-02-03T13:25:00Z,95
2026-02-03T13:30:00Z,95
2026-02-03T13:35:00Z,95
2026-02-03T13:40:00Z,98
2026-02-03T13:45:00Z,101
2026-02-03T13:50:00Z,104
2026-02-03T13:55:00Z,106
2026-02-03T14:00:00Z,111
2026-02-03T14:05:00Z,114
2026-02-03T14:10:00Z,119
2026-02-03T14:15:00Z,120
2026-02-03T14:20:00Z,119
2026-02-03T14:25:00Z,120
2026-02-03T14:30:00Z,116
2026-02-03T14:35:00Z,113
2026-02-03T14:40:00Z,112
2026-02-03T14:45:00Z,111
2026-02-03T14:50:00Z,118
2026-02-03T14:55:00Z,116
2026-02-03T15:00:00Z,112
2026-02-03T15:05:00Z,111
2026-02-03T15:10:00Z,110
2026-02-03T15:15:00Z,106
2026-02-03T15:20:00Z,102
2026-02-03T15:25:00Z,99
2026-02-03T15:30:00Z,98
2026-02-03T15:35:00Z,98
2026-02-03T15:40:00Z,96
2026-02-03T15:45:00Z,98
2026-02-03T15:50:00Z,98
2026-02-03T15:55:00Z,98
2026-02-03T16:00:00Z,95
2026-02-03T16:05:00Z,92
2026-02-03T16:10:00Z,93
2026-02-03T16:15:00Z,90
2026-02-03T16:20:00Z,86
2026-02-03T16:25:00Z,87
2026-02-03T16:30:00Z,89
2026-02-03T16:35:00Z,93
2026-02-03T16:40:00Z,89
2026-02-03T16:45:00Z,88
2026-02-03T16:50:00Z,91
2026-02-03T16:55:00Z,91
2026-02-03T17:00:00Z,90
2026-02-03T17:05:00Z,92
2026-02-03T17:10:00Z,91
2026-02-03T17:15:00Z,91
2026-02-03T17:20:00Z,91
2026-02-03T17:25:00Z,91
2026-02-03T17:30:00Z,92
2026-02-03T17:35:00Z,96
2026-02-03T17:40:00Z,98
2026-02-03T17:45:00Z,98
2026-02-03T17:50:00Z,98
2026-02-03T17:55:00Z,101
2026-02-03T18:00:00Z,104
2026-02-03T18:05:00Z,105
2026-02-03T18:10:00Z,111
2026-02-03T18:15:00Z,116
2026-02-03T18:20:00Z,125
2026-02-03T18:25:00Z,132
2026-02-03T18:30:00Z,133
2026-02-03T18:35:00Z,137
2026-02-03T18:40:00Z,138
2026-02-03T18:45:00Z,132
2026-02-03T18:50:00Z,122
2026-02-03T18:55:00Z,112
2026-02-03T19:00:00Z,103
2026-02-03T19:05:00Z,98
2026-02-03T19:10:00Z,94
2026-02-03T19:15:00Z,94
2026-02-03T19:20:00Z,96
2026-02-03T19:25:00Z,99
2026-02-03T19:30:00Z,105
2026-02-03T19:35:00Z,112
2026-02-03T19:40:00Z,115
2026-02-03T19:45:00Z,117
2026-02-03T19:50:00Z,120
2026-02-03T19:55:00Z,120
2026-02-03T20:00:00Z,119
2026-02-03T20:05:00Z,116
2026-02-03T20:10:00Z,114
2026-02-03T20:15:00Z,110
2026-02-03T20:20:00Z,109
2026-02-03T20:25:00Z,107
2026-02-03T20:30:00Z,104
2026-02-03T20:35:00Z,104
2026-02-03T20:40:00Z,108
2026-02-03T20:45:00Z,112
2026-02-03T20:50:00Z,117
2026-02-03T20:55:00Z,119
2026-02-03T21:00:00Z,122
2026-02-03T21:05:00Z,123
2026-02-03T21:10:00Z,118
2026-02-03T21:15:00Z,111
2026-02-03T21:20:00Z,104
2026-02-03T21:25:00Z,99
2026-02-03T21:30:00Z,95
2026-02-03T21:35:00Z,94
2026-02-03T21:40:00Z,97
2026-02-03T21:45:00Z,97
2026-02-03T21:50:00Z,97
2026-02-03T21:55:00Z,99
2026-02-03T22:00:00Z,97
2026-02-03T22:05:00Z,93
2026-02-03T22:10:00Z,94
2026-02-03T22:15:00Z,95
2026-02-03T22:20:00Z,94
2026-02-03T22:25:00Z,94
2026-02-03T22:30:00Z,95
2026-02-03T22:35:00Z,97
2026-02-03T22:40:00Z,99
2026-02-03T22:45:00Z,102
2026-02-03T22:50:00Z,107
2026-02-03T22:55:00Z,116
2026-02-03T23:00:00Z,121
2026-02-03T23:05:00Z,133
2026-02-03T23:10:00Z,141
2026-02-03T23:15:00Z,143
2026-02-03T23:20:00Z,143
2026-02-03T23:25:00Z,139
2026-02-03T23:30:00Z,131
2026-02-03T23:35:00Z,122
2026-02-03T23:40:00Z,114
2026-02-03T23:45:00Z,106
2026-02-03T23:50:00Z,98
2026-02-03T23:55:00Z,92
2026-02-04T00:00:00Z,89
2026-02-04T00:05:00Z,88
2026-02-04T00:10:00Z,90
2026-02-04T00:15:00Z,92
2026-02-04T00:20:00Z,95
2026-02-04T00:25:00Z,106
2026-02-04T00:30:00Z,109
2026-02-04T00:35:00Z,112
2026-02-04T00:40:00Z,113
2026-02-04T00:45:00Z,115
2026-02-04T00:50:00Z,112
2026-02-04T00:55:00Z,109
2026-02-04T01:00:00Z,106
2026-02-04T01:05:00Z,100
2026-02-04T01:10:00Z,94
2026-02-04T01:15:00Z,90
2026-02-04T01:20:00Z,89
2026-02-04T01:25:00Z,89
2026-02-04T01:30:00Z,92
2026-02-04T01:35:00Z,97
2026-02-04T01:40:00Z,104
2026-02-04T01:45:00Z,113
2026-02-04T01:50:00Z,122
2026-02-04T01:55:00Z,125
2026-02-04T02:00:00Z,128
2026-02-04T02:05:00Z,128
2026-02-04T02:10:00Z,123
2026-02-04T02:15:00Z,117
2026-02-04T02:20:00Z,110
2026-02-04T02:25:00Z,102
2026-02-04T02:30:00Z,97
2026-02-04T02:35:00Z,93
2026-02-04T02:40:00Z,91
2026-02-04T02:45:00Z,91
2026-02-04T02:50:00Z,92
2026-02-04T02:55:00Z,95
2026-02-04T03:00:00Z,97
2026-02-04T03:05:00Z,100
2026-02-04T03:10:00Z,103
2026-02-04T03:15:00Z,103
2026-02-04T03:20:00Z,102
2026-02-04T03:25:00Z,101
2026-02-04T03:30:00Z,101
2026-02-04T03:35:00Z,100
2026-02-04T03:40:00Z,98
2026-02-04T03:45:00Z,98
2026-02-04T03:50:00Z,97
2026-02-04T03:55:00Z,96
2026-02-04T04:00:00Z,97
2026-02-04T04:05:00Z,98
2026-02-04T04:10:00Z,98
2026-02-04T04:15:00Z,97
2026-02-04T04:20:00Z,99
2026-02-04T04:25:00Z,99
2026-02-04T04:30:00Z,99
2026-02-04T04:35:00Z,100
2026-02-04T04:40:00Z,100
2026-02-04T04:45:00Z,101
2026-02-04T04:50:00Z,101
2026-02-04T04:55:00Z,101
2026-02-04T05:00:00Z,101
2026-02-04T05:05:00Z,102
2026-02-04T05:10:00Z,101
2026-02-04T05:15:00Z,101
2026-02-04T05:20:00Z,100
2026-02-04T05:25:00Z,99
2026-02-04T05:30:00Z,99
2026-02-04T05:35:00Z,98
2026-02-04T05:40:00Z,97
2026-02-04T05:45:00Z,97
2026-02-04T05:50:00Z,96
2026-02-04T05:55:00Z,96
2026-02-04T06:00:00Z,95
2026-02-04T06:05:00Z,95
2026-02-04T06:10:00Z,98
2026-02-04T06:15:00Z,97
2026-02-04T06:20:00Z,96
2026-02-04T06:25:00Z,96
2026-02-04T06:30:00Z,96
2026-02-04T06:35:00Z,93
2026-02-04T06:40:00Z,94
2026-02-04T06:45:00Z,94
2026-02-04T06:50:00Z,95
2026-02-04T06:55:00Z,95
2026-02-04T07:00:00Z,93
2026-02-04T07:05:00Z,96
2026-02-04T07:10:00Z,95
2026-02-04T07:15:00Z,94
2026-02-04T07:20:00Z,94
2026-02-04T07:25:00Z,98
2026-02-04T07:30:00Z,98
2026-02-04T07:35:00Z,97
2026-02-04T07:40:00Z,97
2026-02-04T07:45:00Z,98
2026-02-04T07:50:00Z,98
2026-02-04T07:55:00Z,100
2026-02-04T08:00:00Z,97
2026-02-04T08:05:00Z,98
2026-02-04T08:10:00Z,101
2026-02-04T08:15:00Z,99
2026-02-04T08:20:00Z,101
2026-02-04T08:25:00Z,99
2026-02-04T08:30:00Z,96
2026-02-04T08:35:00Z,98
2026-02-04T08:40:00Z,98
2026-02-04T08:45:00Z,98
2026-02-04T08:50:00Z,98
2026-02-04T08:55:00Z,97
2026-02-04T09:00:00Z,95
2026-02-04T09:05:00Z,94
2026-02-04T09:10:00Z,97
2026-02-04T09:15:00Z,98
2026-02-04T09:20:00Z,100
2026-02-04T09:25:00Z,101
2026-02-04T09:30:00Z,101
2026-02-04T09:35:00Z,101
2026-02-04T09:40:00Z,100
2026-02-04T09:45:00Z,101
2026-02-04T09:50:00Z,102
2026-02-04T09:55:00Z,100
2026-02-04T10:00:00Z,99
2026-02-04T10:05:00Z,99
2026-02-04T10:10:00Z,98
2026-02-04T10:15:00Z,98
2026-02-04T10:20:00Z,95
2026-02-04T10:25:00Z,94
2026-02-04T10:30:00Z,104
2026-02-04T10:35:00Z,103
2026-02-04T10:40:00Z,105
2026-02-04T10:45:00Z,106
2026-02-04T10:50:00Z,102
2026-02-04T10:55:00Z,95
2026-02-04T11:00:00Z,97
2026-02-04T11:05:00Z,98
2026-02-04T11:10:00Z,96
2026-02-04T11:15:00Z,94
2026-02-04T11:20:00Z,94
2026-02-04T11:25:00Z,95
2026-02-04T11:30:00Z,96
2026-02-04T11:35:00Z,99
2026-02-04T11:40:00Z,107
2026-02-04T11:45:00Z,114
2026-02-04T11:50:00Z,123
2026-02-04T11:55:00Z,131
2026-02-04T12:00:00Z,136
2026-02-04T12:05:00Z,141
2026-02-04T12:10:00Z,137
2026-02-04T12:15:00Z,131
2026-02-04T12:20:00Z,125
2026-02-04T12:25:00Z,118
2026-02-04T12:30:00Z,117
2026-02-04T12:35:00Z,115
2026-02-04T12:40:00Z,114
2026-02-04T12:45:00Z,119
2026-02-04T12:50:00Z,116
2026-02-04T12:55:00Z,112
2026-02-04T13:00:00Z,109
2026-02-04T13:05:00Z,108
2026-02-04T13:10:00Z,105
2026-02-04T13:15:00Z,104
2026-02-04T13:20:00Z,109
2026-02-04T13:25:00Z,114
2026-02-04T13:30:00Z,121
2026-02-04T13:35:00Z,119
2026-02-04T13:40:00Z,113
2026-02-04T13:45:00Z,110
2026-02-04T13:50:00Z,105
2026-02-04T13:55:00Z,103
2026-02-04T14:00:00Z,103
2026-02-04T14:05:00Z,110
2026-02-04T14:10:00Z,115
2026-02-04T14:15:00Z,117
2026-02-04T14:20:00Z,119
2026-02-04T14:25:00Z,118
2026-02-04T14:30:00Z,117
2026-02-04T14:35:00Z,112
2026-02-04T14:40:00Z,109
2026-02-04T14:45:00Z,107
2026-02-04T14:50:00Z,103
2026-02-04T14:55:00Z,98
2026-02-04T15:00:00Z,97
2026-02-04T15:05:00Z,95
2026-02-04T15:10:00Z,95
2026-02-04T15:15:00Z,95
2026-02-04T15:20:00Z,97
2026-02-04T15:25:00Z,96
2026-02-04T15:30:00Z,97
2026-02-04T15:35:00Z,98
2026-02-04T15:40:00Z,95
2026-02-04T15:45:00Z,96
2026-02-04T15:50:00Z,95
2026-02-04T15:55:00Z,93
2026-02-04T16:00:00Z,92
2026-02-04T16:05:00Z,91
2026-02-04T16:10:00Z,91
2026-02-04T16:15:00Z,87
2026-02-04T16:20:00Z,88
2026-02-04T16:25:00Z,89
2026-02-04T16:30:00Z,88
2026-02-04T16:35:00Z,89
2026-02-04T16:40:00Z,89
2026-02-04T16:45:00Z,91
2026-02-04T16:50:00Z,91
2026-02-04T16:55:00Z,95
2026-02-04T17:00:00Z,101
2026-02-04T17:05:00Z,111
2026-02-04T17:10:00Z,122
2026-02-04T17:15:00Z,130
2026-02-04T17:20:00Z,136
2026-02-04T17:25:00Z,130
2026-02-04T17:30:00Z,121
2026-02-04T17:35:00Z,111
2026-02-04T17:40:00Z,102
2026-02-04T17:45:00Z,91
2026-02-04T17:50:00Z,82
2026-02-04T17:55:00Z,78
2026-02-04T18:00:00Z,76
2026-02-04T18:05:00Z,74
2026-02-04T18:10:00Z,73
2026-02-04T18:15:00Z,78
2026-02-04T18:20:00Z,81
2026-02-04T18:25:00Z,85
2026-02-04T18:30:00Z,87
2026-02-04T18:35:00Z,88
2026-02-04T18:40:00Z,90
2026-02-04T18:45:00Z,91
2026-02-04T18:50:00Z,90
2026-02-04T18:55:00Z,90
2026-02-04T19:00:00Z,91
2026-02-04T19:05:00Z,96
2026-02-04T19:10:00Z,97
2026-02-04T19:15:00Z,102
2026-02-04T19:20:00Z,110
2026-02-04T19:25:00Z,117
2026-02-04T19:30:00Z,123
2026-02-04T19:35:00Z,131
2026-02-04T19:40:00Z,133
2026-02-04T19:45:00Z,129
2026-02-04T19:50:00Z,122
2026-02-04T19:55:00Z,111
2026-02-04T20:00:00Z,101
2026-02-04T20:05:00Z,94
2026-02-04T20:10:00Z,90
2026-02-04T20:15:00Z,89
2026-02-04T20:20:00Z,89
2026-02-04T20:25:00Z,91
2026-02-04T20:30:00Z,94
2026-02-04T20:35:00Z,96
2026-02-04T20:40:00Z,96
2026-02-04T20:45:00Z,96
2026-02-04T20:50:00Z,97
2026-02-04T20:55:00Z,97
2026-02-04T21:00:00Z,97
2026-02-04T21:05:00Z,95
2026-02-04T21:10:00Z,94
2026-02-04T21:15:00Z,92
2026-02-04T21:20:00Z,89
2026-02-04T21:25:00Z,89
2026-02-04T21:30:00Z,88
2026-02-04T21:35:00Z,88
2026-02-04T21:40:00Z,89
2026-02-04T21:45:00Z,90
2026-02-04T21:50:00Z,89
2026-02-04T21:55:00Z,89
2026-02-04T22:00:00Z,90
2026-02-04T22:05:00Z,89
2026-02-04T22:10:00Z,92
2026-02-04T22:15:00Z,90
2026-02-04T22:20:00Z,90
2026-02-04T22:25:00Z,91
2026-02-04T22:30:00Z,90
2026-02-04T22:35:00Z,91
2026-02-04T22:40:00Z,89
2026-02-04T22:45:00Z,89
2026-02-04T22:50:00Z,91
2026-02-04T22:55:00Z,92
2026-02-04T23:00:00Z,94
2026-02-04T23:05:00Z,94
2026-02-04T23:10:00Z,95
2026-02-04T23:15:00Z,96
2026-02-04T23:20:00Z,97
2026-02-04T23:25:00Z,98
2026-02-04T23:30:00Z,99
2026-02-04T23:35:00Z,98
2026-02-04T23:40:00Z,96
2026-02-04T23:45:00Z,92
2026-02-04T23:50:00Z,87
2026-02-04T23:55:00Z,86
2026-02-05T00:00:00Z,85
2026-02-05T00:05:00Z,85
2026-02-05T00:10:00Z,86
2026-02-05T00:15:00Z,88
2026-02-05T00:20:00Z,91
2026-02-05T00:25:00Z,91
2026-02-05T00:30:00Z,91
2026-02-05T00:35:00Z,92
2026-02-05T00:40:00Z,91
2026-02-05T00:45:00Z,92
2026-02-05T00:50:00Z,93
2026-02-05T00:55:00Z,92
2026-02-05T01:00:00Z,94
2026-02-05T01:05:00Z,94
2026-02-05T01:10:00Z,93
2026-02-05T01:15:00Z,94
2026-02-05T01:20:00Z,93
2026-02-05T01:25:00Z,94
2026-02-05T01:30:00Z,95
2026-02-05T01:35:00Z,96
2026-02-05T01:40:00Z,94
2026-02-05T01:45:00Z,92
2026-02-05T01:50:00Z,91
2026-02-05T01:55:00Z,91
2026-02-05T02:00:00Z,94
2026-02-05T02:05:00Z,92
2026-02-05T02:10:00Z,97
2026-02-05T02:15:00Z,98
2026-02-05T02:20:00Z,99
2026-02-05T02:25:00Z,101
2026-02-05T02:30:00Z,96
2026-02-05T02:35:00Z,89
2026-02-05T02:40:00Z,87
2026-02-05T02:45:00Z,88
2026-02-05T02:50:00Z,89
2026-02-05T02:55:00Z,87
2026-02-05T03:00:00Z,87
2026-02-05T03:05:00Z,90
2026-02-05T03:10:00Z,88
2026-02-05T03:15:00Z,88
2026-02-05T03:20:00Z,88
2026-02-05T03:25:00Z,88
2026-02-05T03:30:00Z,89
2026-02-05T03:35:00Z,89
2026-02-05T03:40:00Z,88
2026-02-05T03:45:00Z,90
2026-02-05T03:50:00Z,90
2026-02-05T03:55:00Z,89
2026-02-05T04:00:00Z,89
2026-02-05T04:05:00Z,89
2026-02-05T04:10:00Z,88
2026-02-05T04:15:00Z,87
2026-02-05T04:20:00Z,88
2026-02-05T04:25:00Z,88
2026-02-05T04:30:00Z,87
2026-02-05T04:35:00Z,87
2026-02-05T04:40:00Z,86
2026-02-05T04:45:00Z,86
2026-02-05T04:50:00Z,85
2026-02-05T04:55:00Z,85
2026-02-05T05:00:00Z,87
2026-02-05T05:05:00Z,87
2026-02-05T05:10:00Z,87
2026-02-05T05:15:00Z,86
2026-02-05T05:20:00Z,88
2026-02-05T05:25:00Z,88
2026-02-05T05:30:00Z,88
2026-02-05T05:35:00Z,89
2026-02-05T05:40:00Z,88
2026-02-05T05:45:00Z,90
2026-02-05T05:50:00Z,87
2026-02-05T05:55:00Z,86
2026-02-05T06:00:00Z,86
2026-02-05T06:05:00Z,85
2026-02-05T06:10:00Z,85
2026-02-05T06:15:00Z,85
2026-02-05T06:20:00Z,86
2026-02-05T06:25:00Z,87
2026-02-05T06:30:00Z,87
2026-02-05T06:35:00Z,87
2026-02-05T06:40:00Z,87
2026-02-05T06:45:00Z,85
2026-02-05T06:50:00Z,86
2026-02-05T06:55:00Z,87
2026-02-05T07:00:00Z,87
2026-02-05T07:05:00Z,88
2026-02-05T07:10:00Z,87
2026-02-05T07:15:00Z,87
2026-02-05T07:20:00Z,87
2026-02-05T07:25:00Z,88
2026-02-05T07:30:00Z,88
2026-02-05T07:35:00Z,86
2026-02-05T07:40:00Z,86
2026-02-05T07:45:00Z,88
2026-02-05T07:50:00Z,88
2026-02-05T07:55:00Z,88
2026-02-05T08:00:00Z,92
2026-02-05T08:05:00Z,94
2026-02-05T08:10:00Z,95
2026-02-05T08:15:00Z,100
2026-02-05T08:20:00Z,104
2026-02-05T08:25:00Z,105
2026-02-05T08:30:00Z,108
2026-02-05T08:35:00Z,106
2026-02-05T08:40:00Z,98
2026-02-05T08:45:00Z,93
2026-02-05T08:50:00Z,90
2026-02-05T08:55:00Z,88
2026-02-05T09:00:00Z,90
2026-02-05T09:05:00Z,97
2026-02-05T09:10:00Z,104
2026-02-05T09:15:00Z,109
2026-02-05T09:20:00Z,109
2026-02-05T09:25:00Z,103
2026-02-05T09:30:00Z,97
2026-02-05T09:35:00Z,95
2026-02-05T09:40:00Z,91
2026-02-05T09:45:00Z,90
2026-02-05T09:50:00Z,91
2026-02-05T09:55:00Z,93
2026-02-05T10:00:00Z,97
2026-02-05T10:05:00Z,96
2026-02-05T10:10:00Z,96
2026-02-05T10:15:00Z,97
2026-02-05T10:20:00Z,95
2026-02-05T10:25:00Z,94
2026-02-05T10:30:00Z,94
2026-02-05T10:35:00Z,92
2026-02-05T10:40:00Z,93
2026-02-05T10:45:00Z,92
2026-02-05T10:50:00Z,91
2026-02-05T10:55:00Z,92
2026-02-05T11:00:00Z,93
2026-02-05T11:05:00Z,95
2026-02-05T11:10:00Z,95
2026-02-05T11:15:00Z,96
2026-02-05T11:20:00Z,97
2026-02-05T11:25:00Z,95
2026-02-05T11:30:00Z,94
2026-02-05T11:35:00Z,93
2026-02-05T11:40:00Z,91
2026-02-05T11:45:00Z,92
2026-02-05T11:50:00Z,93
2026-02-05T11:55:00Z,93
2026-02-05T12:00:00Z,94
2026-02-05T12:05:00Z,95
2026-02-05T12:10:00Z,95
2026-02-05T12:15:00Z,94
2026-02-05T12:20:00Z,93
2026-02-05T12:25:00Z,93
2026-02-05T12:30:00Z,95
2026-02-05T12:35:00Z,97
2026-02-05T12:40:00Z,98
2026-02-05T12:45:00Z,102
2026-02-05T12:50:00Z,100
2026-02-05T12:55:00Z,99
2026-02-05T13:00:00Z,98
2026-02-05T13:05:00Z,97
2026-02-05T13:10:00Z,98
2026-02-05T13:15:00Z,98
2026-02-05T13:20:00Z,98
2026-02-05T13:25:00Z,97
2026-02-05T13:30:00Z,96
2026-02-05T13:35:00Z,94
2026-02-05T13:40:00Z,92
2026-02-05T13:45:00Z,90
2026-02-05T13:50:00Z,90
2026-02-05T13:55:00Z,88
2026-02-05T14:00:00Z,88
2026-02-05T14:05:00Z,89
2026-02-05T14:10:00Z,86
2026-02-05T14:15:00Z,86
2026-02-05T14:20:00Z,85
2026-02-05T14:25:00Z,84
2026-02-05T14:30:00Z,87
2026-02-05T14:35:00Z,87
2026-02-05T14:40:00Z,86
2026-02-05T14:45:00Z,87
2026-02-05T14:50:00Z,88
2026-02-05T14:55:00Z,87
2026-02-05T15:00:00Z,87
2026-02-05T15:05:00Z,86
2026-02-05T15:10:00Z,85
2026-02-05T15:15:00Z,84
2026-02-05T15:20:00Z,84
2026-02-05T15:25:00Z,85
2026-02-05T15:30:00Z,87
2026-02-05T15:35:00Z,89
2026-02-05T15:40:00Z,93
2026-02-05T15:45:00Z,98
2026-02-05T15:50:00Z,100
2026-02-05T15:55:00Z,103
2026-02-05T16:00:00Z,106
2026-02-05T16:05:00Z,106
2026-02-05T16:10:00Z,104
2026-02-05T16:15:00Z,103
2026-02-05T16:20:00Z,101
2026-02-05T16:25:00Z,98
2026-02-05T16:30:00Z,95
2026-02-05T16:35:00Z,96
2026-02-05T16:40:00Z,96
2026-02-05T16:45:00Z,94
2026-02-05T16:50:00Z,92
2026-02-05T16:55:00Z,90
2026-02-05T17:00:00Z,88
2026-02-05T17:05:00Z,88
2026-02-05T17:10:00Z,88
2026-02-05T17:15:00Z,91
2026-02-05T17:20:00Z,93
2026-02-05T17:25:00Z,97
2026-02-05T17:30:00Z,98
2026-02-05T17:35:00Z,97
2026-02-05T17:40:00Z,98
2026-02-05T17:45:00Z,96
2026-02-05T17:50:00Z,95
2026-02-05T17:55:00Z,93
2026-02-05T18:00:00Z,92
2026-02-05T18:05:00Z,92
2026-02-05T18:10:00Z,92
2026-02-05T18:15:00Z,92
2026-02-05T18:20:00Z,93
2026-02-05T18:25:00Z,93
2026-02-05T18:30:00Z,95
2026-02-05T18:35:00Z,96
2026-02-05T18:40:00Z,96
2026-02-05T18:45:00Z,96
2026-02-05T18:50:00Z,95
2026-02-05T18:55:00Z,95
2026-02-05T19:00:00Z,94
2026-02-05T19:05:00Z,93
2026-02-05T19:10:00Z,94
2026-02-05T19:15:00Z,93
2026-02-05T19:20:00Z,93
2026-02-05T19:25:00Z,94
2026-02-05T19:30:00Z,92
2026-02-05T19:35:00Z,91
2026-02-05T19:40:00Z,90
2026-02-05T19:45:00Z,88
2026-02-05T19:50:00Z,89
2026-02-05T19:55:00Z,86
2026-02-05T20:00:00Z,86
2026-02-05T20:05:00Z,90
2026-02-05T20:10:00Z,90
2026-02-05T20:15:00Z,91
2026-02-05T20:20:00Z,89
2026-02-05T20:25:00Z,90
2026-02-05T20:30:00Z,91
2026-02-05T20:35:00Z,91
2026-02-05T20:40:00Z,91
2026-02-05T20:45:00Z,88
2026-02-05T20:50:00Z,87
2026-02-05T20:55:00Z,87
2026-02-05T21:00:00Z,86
2026-02-05T21:05:00Z,86
2026-02-05T21:10:00Z,88
2026-02-05T21:15:00Z,90
2026-02-05T21:20:00Z,92
2026-02-05T21:25:00Z,99
2026-02-05T21:30:00Z,107
2026-02-05T21:35:00Z,114
2026-02-05T21:40:00Z,116
2026-02-05T21:45:00Z,119
2026-02-05T21:50:00Z,120
2026-02-05T21:55:00Z,117
2026-02-05T22:00:00Z,117
2026-02-05T22:05:00Z,115
2026-02-05T22:10:00Z,111
2026-02-05T22:15:00Z,105
2026-02-05T22:20:00Z,101
2026-02-05T22:25:00Z,99
2026-02-05T22:30:00Z,94
2026-02-05T22:35:00Z,91
2026-02-05T22:40:00Z,87
2026-02-05T22:45:00Z,87
2026-02-05T22:50:00Z,89
2026-02-05T22:55:00Z,88
2026-02-05T23:00:00Z,89
2026-02-05T23:05:00Z,89
2026-02-05T23:10:00Z,89
2026-02-05T23:15:00Z,89
2026-02-05T23:20:00Z,87
2026-02-05T23:25:00Z,87
2026-02-05T23:30:00Z,86
2026-02-05T23:35:00Z,87
2026-02-05T23:40:00Z,87
2026-02-05T23:45:00Z,85
2026-02-05T23:50:00Z,85
2026-02-05T23:55:00Z,86
2026-02-06T00:00:00Z,86
2026-02-06T00:05:00Z,85
2026-02-06T00:10:00Z,86
2026-02-06T00:15:00Z,86
2026-02-06T00:20:00Z,85
2026-02-06T00:25:00Z,85
2026-02-06T00:30:00Z,86
2026-02-06T00:35:00Z,85
2026-02-06T00:40:00Z,86
2026-02-06T00:45:00Z,89
2026-02-06T00:50:00Z,94
2026-02-06T00:55:00Z,99
2026-02-06T01:00:00Z,108
2026-02-06T01:05:00Z,115
2026-02-06T01:10:00Z,118
2026-02-06T01:15:00Z,121
2026-02-06T01:20:00Z,123
2026-02-06T01:25:00Z,123
2026-02-06T01:30:00Z,119
2026-02-06T01:35:00Z,116
2026-02-06T01:40:00Z,113
2026-02-06T01:45:00Z,111
2026-02-06T01:50:00Z,108
2026-02-06T01:55:00Z,106
2026-02-06T02:00:00Z,104
2026-02-06T02:05:00Z,102
2026-02-06T02:10:00Z,102
2026-02-06T02:15:00Z,100
2026-02-06T02:20:00Z,100
2026-02-06T02:25:00Z,101
2026-02-06T02:30:00Z,101
2026-02-06T02:35:00Z,104
2026-02-06T02:40:00Z,107
2026-02-06T02:45:00Z,110
2026-02-06T02:50:00Z,112
2026-02-06T02:55:00Z,114
2026-02-06T03:00:00Z,115
2026-02-06T03:05:00Z,112
2026-02-06T03:10:00Z,108
2026-02-06T03:15:00Z,104
2026-02-06T03:20:00Z,101
2026-02-06T03:25:00Z,99
2026-02-06T03:30:00Z,97
2026-02-06T03:35:00Z,100
2026-02-06T03:40:00Z,102
2026-02-06T03:45:00Z,105
2026-02-06T03:50:00Z,108
2026-02-06T03:55:00Z,107
2026-02-06T04:00:00Z,108
2026-02-06T04:05:00Z,107
2026-02-06T04:10:00Z,104
2026-02-06T04:15:00Z,101
2026-02-06T04:20:00Z,97
2026-02-06T04:25:00Z,95
2026-02-06T04:30:00Z,96
2026-02-06T04:35:00Z,94
2026-02-06T04:40:00Z,93
2026-02-06T04:45:00Z,94
2026-02-06T04:50:00Z,97
2026-02-06T04:55:00Z,96
2026-02-06T05:00:00Z,90
2026-02-06T05:05:00Z,96
2026-02-06T05:10:00Z,94
2026-02-06T05:15:00Z,90
2026-02-06T05:20:00Z,87
2026-02-06T05:25:00Z,78
2026-02-06T05:30:00Z,73
2026-02-06T05:35:00Z,75
2026-02-06T05:40:00Z,75
2026-02-06T05:45:00Z,76
2026-02-06T05:50:00Z,80
2026-02-06T05:55:00Z,86
2026-02-06T06:00:00Z,92
2026-02-06T06:05:00Z,93
2026-02-06T06:10:00Z,91
2026-02-06T06:15:00Z,90
2026-02-06T06:20:00Z,88
2026-02-06T06:25:00Z,86
2026-02-06T06:30:00Z,83
2026-02-06T06:35:00Z,82
2026-02-06T06:40:00Z,82
2026-02-06T06:45:00Z,81
2026-02-06T06:50:00Z,82
2026-02-06T06:55:00Z,82
2026-02-06T07:00:00Z,82
2026-02-06T07:05:00Z,82
2026-02-06T07:10:00Z,81
2026-02-06T07:15:00Z,82
2026-02-06T07:20:00Z,83
2026-02-06T07:25:00Z,82
2026-02-06T07:30:00Z,82
2026-02-06T07:35:00Z,82
2026-02-06T07:40:00Z,83
2026-02-06T07:45:00Z,81
2026-02-06T07:50:00Z,83
2026-02-06T07:55:00Z,82
2026-02-06T08:00:00Z,81
2026-02-06T08:05:00Z,82
2026-02-06T08:10:00Z,81
2026-02-06T08:15:00Z,82
2026-02-06T08:20:00Z,83
2026-02-06T08:25:00Z,81
2026-02-06T08:30:00Z,81
2026-02-06T08:35:00Z,82
2026-02-06T08:40:00Z,81
2026-02-06T08:45:00Z,81
2026-02-06T08:50:00Z,84
2026-02-06T08:55:00Z,82
2026-02-06T09:00:00Z,82
2026-02-06T09:05:00Z,82
2026-02-06T09:10:00Z,83
2026-02-06T09:15:00Z,84
2026-02-06T09:20:00Z,82
2026-02-06T09:25:00Z,81
2026-02-06T09:30:00Z,82
2026-02-06T09:35:00Z,83
2026-02-06T09:40:00Z,84
2026-02-06T09:45:00Z,86
2026-02-06T09:50:00Z,86
2026-02-06T09:55:00Z,87
2026-02-06T10:00:00Z,88
2026-02-06T10:05:00Z,88
2026-02-06T10:10:00Z,90
2026-02-06T10:15:00Z,90
2026-02-06T10:20:00Z,90
2026-02-06T10:25:00Z,90
2026-02-06T10:30:00Z,90
2026-02-06T10:35:00Z,91
2026-02-06T10:40:00Z,90
2026-02-06T10:45:00Z,90
2026-02-06T10:50:00Z,90
2026-02-06T10:55:00Z,90
2026-02-06T11:00:00Z,89
2026-02-06T11:05:00Z,90
2026-02-06T11:10:00Z,91
2026-02-06T11:15:00Z,92
2026-02-06T11:20:00Z,95
2026-02-06T11:25:00Z,99
2026-02-06T11:30:00Z,105
2026-02-06T11:35:00Z,113
2026-02-06T11:40:00Z,120
2026-02-06T11:45:00Z,126
2026-02-06T11:50:00Z,128
2026-02-06T11:55:00Z,123
2026-02-06T12:00:00Z,121
2026-02-06T12:05:00Z,116
2026-02-06T12:10:00Z,111
2026-02-06T12:15:00Z,103
2026-02-06T12:20:00Z,95
2026-02-06T12:25:00Z,90
2026-02-06T12:30:00Z,90
2026-02-06T12:35:00Z,92
2026-02-06T12:40:00Z,95
2026-02-06T12:45:00Z,101
2026-02-06T12:50:00Z,107
2026-02-06T12:55:00Z,110
2026-02-06T13:00:00Z,110
2026-02-06T13:05:00Z,109
2026-02-06T13:10:00Z,107
2026-02-06T13:15:00Z,101
2026-02-06T13:20:00Z,97
2026-02-06T13:25:00Z,91
2026-02-06T13:30:00Z,88
2026-02-06T13:35:00Z,94
2026-02-06T13:40:00Z,98
2026-02-06T13:45:00Z,102
2026-02-06T13:50:00Z,107
2026-02-06T13:55:00Z,111
2026-02-06T14:00:00Z,111
2026-02-06T14:05:00Z,108
2026-02-06T14:10:00Z,99
2026-02-06T14:15:00Z,91
2026-02-06T14:20:00Z,86
2026-02-06T14:25:00Z,81
2026-02-06T14:30:00Z,80
2026-02-06T14:35:00Z,84
2026-02-06T14:40:00Z,91
2026-02-06T14:45:00Z,99
2026-02-06T14:50:00Z,107
2026-02-06T14:55:00Z,117
2026-02-06T15:00:00Z,121
2026-02-06T15:05:00Z,118
2026-02-06T15:10:00Z,112
2026-02-06T15:15:00Z,101
2026-02-06T15:20:00Z,89
2026-02-06T15:25:00Z,81
2026-02-06T15:30:00Z,77
2026-02-06T15:35:00Z,79
2026-02-06T15:40:00Z,82
2026-02-06T15:45:00Z,88
2026-02-06T15:50:00Z,95
2026-02-06T15:55:00Z,100
2026-02-06T16:00:00Z,101
2026-02-06T16:05:00Z,102
2026-02-06T16:10:00Z,102
2026-02-06T16:15:00Z,100
2026-02-06T16:20:00Z,98
2026-02-06T16:25:00Z,96
2026-02-06T16:30:00Z,96
2026-02-06T16:35:00Z,94
2026-02-06T16:40:00Z,93
2026-02-06T16:45:00Z,95
2026-02-06T16:50:00Z,97
2026-02-06T16:55:00Z,101
2026-02-06T17:00:00Z,105
2026-02-06T17:05:00Z,113
2026-02-06T17:10:00Z,122
2026-02-06T17:15:00Z,128
2026-02-06T17:20:00Z,130
2026-02-06T17:25:00Z,129
2026-02-06T17:30:00Z,124
2026-02-06T17:35:00Z,117
2026-02-06T17:40:00Z,108
2026-02-06T17:45:00Z,104
2026-02-06T17:50:00Z,99
2026-02-06T17:55:00Z,93
2026-02-06T18:00:00Z,94
2026-02-06T18:05:00Z,94
2026-02-06T18:10:00Z,94
2026-02-06T18:15:00Z,95
2026-02-06T18:20:00Z,94
2026-02-06T18:25:00Z,95
2026-02-06T18:30:00Z,94
2026-02-06T18:35:00Z,92
2026-02-06T18:40:00Z,91
2026-02-06T18:45:00Z,92
2026-02-06T18:50:00Z,91
2026-02-06T18:55:00Z,91
2026-02-06T19:00:00Z,90
2026-02-06T19:05:00Z,90
2026-02-06T19:10:00Z,92
2026-02-06T19:15:00Z,91
2026-02-06T19:20:00Z,91
2026-02-06T19:25:00Z,91
2026-02-06T19:30:00Z,91
2026-02-06T19:35:00Z,91
2026-02-06T19:40:00Z,92
2026-02-06T19:45:00Z,92
2026-02-06T19:50:00Z,93
2026-02-06T19:55:00Z,91
2026-02-06T20:00:00Z,93
2026-02-06T20:05:00Z,92
2026-02-06T20:10:00Z,90
2026-02-06T20:15:00Z,92
2026-02-06T20:20:00Z,88
2026-02-06T20:25:00Z,87
2026-02-06T20:30:00Z,87
2026-02-06T20:35:00Z,85
2026-02-06T20:40:00Z,86
2026-02-06T20:45:00Z,88
2026-02-06T20:50:00Z,87
2026-02-06T20:55:00Z,89
2026-02-06T21:00:00Z,90
2026-02-06T21:05:00Z,88
2026-02-06T21:10:00Z,90
2026-02-06T21:15:00Z,89
2026-02-06T21:20:00Z,85
2026-02-06T21:25:00Z,86
2026-02-06T21:30:00Z,86
2026-02-06T21:35:00Z,86
2026-02-06T21:40:00Z,86
2026-02-06T21:45:00Z,90
2026-02-06T21:50:00Z,88
2026-02-06T21:55:00Z,87
2026-02-06T22:00:00Z,89
2026-02-06T22:05:00Z,90
2026-02-06T22:10:00Z,89
2026-02-06T22:15:00Z,88
2026-02-06T22:20:00Z,88
2026-02-06T22:25:00Z,92
2026-02-06T22:30:00Z,96
2026-02-06T22:35:00Z,101
2026-02-06T22:40:00Z,110
2026-02-06T22:45:00Z,117
2026-02-06T22:50:00Z,125
2026-02-06T22:55:00Z,131
2026-02-06T23:00:00Z,129
2026-02-06T23:05:00Z,122
2026-02-06T23:10:00Z,116
2026-02-06T23:15:00Z,108
2026-02-06T23:20:00Z,98
2026-02-06T23:25:00Z,92
2026-02-06T23:30:00Z,90
2026-02-06T23:35:00Z,94
2026-02-06T23:40:00Z,97
2026-02-06T23:45:00Z,103
2026-02-06T23:50:00Z,110
2026-02-06T23:55:00Z,116
2026-02-07T00:00:00Z,118
2026-02-07T00:05:00Z,119
2026-02-07T00:10:00Z,120
2026-02-07T00:15:00Z,119
2026-02-07T00:20:00Z,119
2026-02-07T00:25:00Z,117
2026-02-07T00:30:00Z,126
2026-02-07T00:35:00Z,133
2026-02-07T00:50:00Z,212
2026-02-07T01:05:00Z,280
